player_id,player_name,team_name,team_short,position,jersey_number,is_starter,vmax_kmh,threshold_kmh,low_confidence,games_appeared,total_runs,runs_per_game,total_hsr_distance_m,hsr_distance_per_game_m,mean_duration_sec,mean_pct_of_vmax_pct,tournament_peak_speed_kmh,mean_peak_speed_kmh
4674,Axel Witsel,Belgium,BEL,CM,6,true,17.76,14.21,false,3,122,40.67,990.3,330.1,1.8,95.4,26.27,16.94
1381,Marcos Llorente,Spain,ESP,CM,6,false,20.97,16.78,false,1,33,33.0,382.4,382.4,2.09,103.4,45.0,21.69
3387,Orbelín Pineda,Mexico,MEX,CM,17,false,19.17,15.34,false,1,33,33.0,289.4,289.4,1.85,92.7,21.99,17.78
12561,Sergej Milinković-Savić,Serbia,SRB,LW,20,true,18.56,14.85,false,3,94,31.33,870.2,290.1,1.97,96.9,32.69,17.98
13956,Assim Madibo,Qatar,QAT,CDM,23,false,17.07,13.66,false,2,61,30.5,476.0,238.0,1.74,98.4,33.7,16.8
2134,Moises Caicedo,Ecuador,ECU,CM,23,true,18.07,14.46,false,3,89,29.67,749.7,249.9,1.82,95.1,41.74,17.19
1683,Casemiro,Brazil,BRA,CM,5,true,18.31,14.65,false,4,116,29.0,975.1,243.8,1.76,100.3,45.0,18.36
265,Declan Rice,England,ENG,CM,4,true,18.53,14.83,false,5,142,28.4,1276.2,255.2,1.89,96.5,41.84,17.89
4677,Jude Bellingham,England,ENG,CM,22,true,19.31,15.45,false,5,139,27.8,1232.6,246.5,1.78,96.7,30.33,18.67
8062,Aaron Ramsey,Wales,WAL,CM,10,true,19.52,15.62,false,3,82,27.33,864.4,288.1,2.07,98.5,38.14,19.23
8578,Simon Kjaer,Denmark,DEN,UNK,4,true,18.69,14.95,false,1,27,27.0,219.4,219.4,1.69,98.1,23.4,18.33
8045,Matthijs De Ligt,Netherlands,NED,RCB,3,true,19.0,15.2,false,1,27,27.0,231.6,231.6,1.73,99.6,33.4,18.93
13976,Sadegh Moharrami,Iran,IRN,RWB,2,true,20.65,16.52,false,1,27,27.0,305.0,305.0,2.1,100.4,36.13,20.73
22,Kevin De Bruyne,Belgium,BEL,RW,7,true,20.5,16.4,false,3,80,26.67,751.5,250.5,1.74,100.5,35.65,20.6
1841,Pau Torres,Spain,ESP,LCB,4,false,17.39,13.91,false,1,26,26.0,266.9,266.9,2.29,97.3,20.43,16.92
1034,Jhegson Méndez,Ecuador,ECU,CM,20,true,18.14,14.52,false,2,52,26.0,438.5,219.2,1.78,98.1,41.61,17.79
1519,Sergio Busquets,Spain,ESP,CM,5,true,18.37,14.7,false,4,103,25.75,908.5,227.1,1.83,99.1,43.17,18.21
13994,Saud Abdulhamid,Saudi Arabia,KSA,RB,12,true,21.45,17.16,false,3,77,25.67,874.7,291.6,2.02,100.4,45.0,21.53
13996,Hassan Tambakti,Saudi Arabia,KSA,RCB,17,true,19.99,15.99,false,2,51,25.5,520.0,260.0,1.99,97.1,28.26,19.41
12664,Saša Lukić,Serbia,SRB,CM,16,true,19.72,15.77,false,3,74,24.67,670.9,223.6,1.81,95.9,29.81,18.9
4732,Djibril Sow,Switzerland,SUI,CAM,15,true,18.9,15.12,false,4,98,24.5,932.7,233.2,1.97,96.3,40.93,18.2
8328,Remo Freuler,Switzerland,SUI,CM,8,true,19.27,15.41,false,4,97,24.25,921.9,230.5,1.89,100.9,44.52,19.43
3858,Idrissa Gueye,Senegal,SEN,CAM,5,true,20.66,16.53,false,3,72,24.0,763.1,254.4,1.97,96.9,30.06,20.03
4613,Benjamin Pavard,France,FRA,RB,2,true,19.31,15.45,false,1,24,24.0,229.7,229.7,1.91,99.1,38.57,19.14
13857,Borna Barisic,Croatia,CRO,LB,3,false,20.02,16.01,false,1,24,24.0,279.5,279.5,2.23,101.6,30.36,20.33
1339,Tyler Adams,United States,USA,CM,4,true,19.64,15.71,false,4,95,23.75,939.1,234.8,1.9,99.9,42.04,19.63
12222,Majid Hosseini,Iran,IRN,LCB,19,true,18.71,14.97,false,3,71,23.67,687.3,229.1,1.95,100.4,37.4,18.78
8037,Dusan Tadić,Serbia,SRB,RW,10,true,20.27,16.22,false,3,71,23.67,733.6,244.5,2.0,96.3,34.17,19.52
12514,Piotr Zielinski,Poland,POL,CM,20,true,19.06,15.25,false,4,94,23.5,904.6,226.1,1.95,97.2,28.63,18.53
4611,Alphonso Davies,Canada,CAN,LWB,19,true,21.79,17.43,false,3,70,23.33,767.5,255.8,1.9,101.3,38.93,22.07
13788,Yeltsin Tejeda,Costa Rica,CRC,CM,17,true,18.37,14.7,false,3,70,23.33,632.8,210.9,1.9,97.6,31.45,17.92
8129,Marcelo Brozovic,Croatia,CRO,CM,11,true,20.16,16.13,false,6,139,23.17,1416.3,236.1,1.93,99.9,37.64,20.14
7966,Kieffer Moore,Wales,WAL,CF,13,false,18.34,14.68,false,3,69,23.0,631.7,210.6,1.91,97.9,31.19,17.96
13779,Juan Pablo Vargas,Costa Rica,CRC,LCB,3,false,18.43,14.74,false,1,23,23.0,237.1,237.1,2.12,99.5,24.38,18.32
3367,Henry Martín,Mexico,MEX,CF,20,true,19.71,15.77,false,2,46,23.0,502.1,251.1,2.16,95.3,30.84,18.79
8000,Joao Mario,Portugal,POR,CM,17,false,19.68,15.75,false,1,23,23.0,248.5,248.5,2.1,96.4,32.5,18.98
1931,Ethan Ampadu,Wales,WAL,CM,15,true,19.27,15.42,false,3,68,22.67,600.3,200.1,1.77,96.9,24.58,18.68
7443,Christian Eriksen,Denmark,DEN,CM,10,true,20.17,16.13,false,3,68,22.67,667.2,222.4,1.86,98.6,30.24,19.89
4758,Ellyes Skhiri,Tunisia,TUN,CM,17,true,20.11,16.09,false,3,68,22.67,668.4,222.8,1.87,99.5,36.56,20.0
8551,Stephen Eustaquio,Canada,CAN,CM,7,true,20.08,16.07,false,2,45,22.5,451.0,225.5,1.95,96.5,28.21,19.37
13850,Grzegorz Krychowiak,Poland,POL,CDM,10,true,18.96,15.17,false,4,90,22.5,797.6,199.4,1.77,99.8,36.05,18.93
13121,Yunus Musah,United States,USA,CM,6,true,20.53,16.43,false,4,90,22.5,956.2,239.1,1.98,99.1,39.72,20.36
4695,Nico Elvedi,Switzerland,SUI,LCB,4,true,18.82,15.06,false,2,45,22.5,441.3,220.6,1.96,101.2,45.0,19.05
9,Aymeric Laporte,Spain,ESP,LCB,24,true,19.3,15.44,false,3,67,22.33,716.7,238.9,2.07,104.0,40.99,20.06
3978,Pape Gueye,Senegal,SEN,CDM,26,false,18.39,14.71,false,3,66,22.0,590.1,196.7,1.9,97.4,33.7,17.91
8854,Jackson Irvine,Australia,AUS,CM,22,true,20.53,16.42,false,4,88,22.0,982.9,245.7,2.08,98.9,36.57,20.31
7584,Rodrigo Bentancur,Uruguay,URU,CM,6,true,19.52,15.62,false,3,65,21.67,604.2,201.4,1.84,97.3,34.13,19.0
4616,Joshua Kimmich,Germany,GER,CM,6,true,19.64,15.71,false,3,65,21.67,667.4,222.5,1.96,104.1,45.0,20.44
1684,Federico Valverde,Uruguay,URU,CM,15,true,20.31,16.25,false,3,65,21.67,669.9,223.3,1.94,98.7,35.93,20.05
1530,Pedri,Spain,ESP,CM,26,true,18.81,15.05,false,4,86,21.5,783.6,195.9,1.84,101.8,33.48,19.15
4142,Dylan Bronn,Tunisia,TUN,RCB,6,true,17.7,14.16,false,2,43,21.5,358.4,179.2,1.76,102.6,37.74,18.17
4408,Salis Abdul Samed,Ghana,GHA,CM,21,true,19.32,15.46,false,3,64,21.33,652.2,217.4,2.02,98.2,45.0,18.97
1977,André Zambo Anguissa,Cameroon,CMR,CM,8,true,20.08,16.07,false,3,64,21.33,604.9,201.6,1.75,100.9,44.64,20.27
13945,Boualem Khoukhi,Qatar,QAT,UNK,16,true,18.56,14.84,false,3,64,21.33,601.7,200.6,1.84,106.4,45.0,19.74
67,Jan Vertonghen,Belgium,BEL,LCB,5,true,19.79,15.83,false,3,64,21.33,667.6,222.5,2.0,102.8,45.0,20.35
13781,Celso Borges,Costa Rica,CRC,CM,5,true,18.31,14.65,false,3,64,21.33,641.6,213.9,2.04,98.4,33.79,18.02
20,Ilkay Gündogan,Germany,GER,CM,21,true,18.29,14.63,false,3,64,21.33,551.2,183.7,1.82,98.1,42.43,17.94
12642,Ivan Ilić,Serbia,SRB,CM,24,false,18.57,14.85,false,1,21,21.0,193.9,193.9,1.96,96.2,22.06,17.86
90,Antonio Rüdiger,Germany,GER,RCB,2,true,21.23,16.98,false,3,63,21.0,726.3,242.1,2.04,101.4,45.0,21.53
474,Cheikhou Kouyaté,Senegal,SEN,CM,8,true,20.21,16.16,false,1,21,21.0,236.6,236.6,2.17,99.2,23.93,20.04
8561,Mehdi Taremi,Iran,IRN,CF,9,true,21.17,16.93,false,3,63,21.0,720.3,240.1,2.06,99.1,28.36,20.98
14023,Mohamed Ali Ben Romdhane,Tunisia,TUN,CM,15,false,18.53,14.82,false,1,21,21.0,187.1,187.1,1.88,96.4,26.55,17.86
395,Pierre-Emile Höjbjerg,Denmark,DEN,CM,23,true,20.36,16.29,false,3,63,21.0,700.1,233.4,2.05,102.2,42.27,20.82
13867,Bilal El Khannouss,Morocco,MAR,CAM,23,false,17.64,14.11,false,1,21,21.0,179.2,179.2,1.89,94.9,21.09,16.75
66,Toby Alderweireld,Belgium,BEL,UNK,2,true,18.62,14.9,false,3,63,21.0,598.5,199.5,1.89,105.2,37.14,19.6
11853,Antonio Silva,Portugal,POR,RCB,24,false,19.89,15.91,false,1,21,21.0,251.7,251.7,2.34,97.4,26.27,19.37
107,Christian Pulisic,United States,USA,LW,10,true,19.57,15.65,false,4,83,20.75,855.0,213.8,2.02,97.2,32.33,19.02
13228,Youssouf Sabaly,Senegal,SEN,RB,21,true,20.27,16.22,false,4,83,20.75,925.8,231.5,2.08,102.8,36.86,20.83
3888,Aurélien Tchouaméni,France,FRA,CM,8,true,19.85,15.88,false,7,145,20.71,1401.5,200.2,1.83,100.7,45.0,19.99
4621,Jamal Musiala,Germany,GER,LW,14,true,19.83,15.86,false,3,62,20.67,610.4,203.5,1.88,99.8,35.72,19.79
1168,Nouhou Tolo,Cameroon,CMR,LB,25,true,21.3,17.04,false,3,62,20.67,684.3,228.1,1.99,98.7,31.11,21.03
6655,Nicolas N'Koulou,Cameroon,CMR,LCB,3,true,19.84,15.87,false,2,41,20.5,425.9,213.0,2.04,97.2,26.07,19.29
14030,Anis Slimane,Tunisia,TUN,RW,25,true,20.66,16.53,false,2,41,20.5,420.3,210.2,1.91,97.8,36.64,20.2
14004,Abdulelah Al-Malki,Saudi Arabia,KSA,CDM,8,true,19.39,15.51,false,2,41,20.5,425.6,212.8,2.08,97.0,33.95,18.82
157,Granit Xhaka,Switzerland,SUI,CM,10,true,20.47,16.38,false,4,82,20.5,840.6,210.2,1.89,98.8,42.14,20.24
10,John Stones,England,ENG,RCB,5,true,18.91,15.12,false,5,102,20.4,1042.7,208.5,2.07,99.8,29.41,18.86
13977,Morteza Pouraliganji,Iran,IRN,RCB,8,true,21.27,17.01,false,3,61,20.33,743.0,247.7,2.19,99.2,31.36,21.1
449,Aaron Mooy,Australia,AUS,CDM,13,true,19.68,15.75,false,4,81,20.25,854.2,213.6,2.0,102.4,38.83,20.16
3930,Lucas Paquetá,Brazil,BRA,CM,7,true,19.6,15.68,false,4,81,20.25,774.8,193.7,1.9,96.1,25.97,18.83
13911,Young-gwon Kim,South Korea,KOR,LCB,19,true,19.16,15.33,false,4,81,20.25,794.7,198.7,1.9,105.1,45.0,20.13
1377,Kieran Trippier,England,ENG,RB,12,true,20.23,16.18,false,3,60,20.0,623.6,207.9,1.96,100.0,33.32,20.22
11967,Victor Nelsson,Denmark,DEN,RCB,3,false,21.27,17.01,false,1,20,20.0,249.5,249.5,2.15,106.7,44.74,22.69
14003,Mohamed Kanno,Saudi Arabia,KSA,CM,23,true,20.23,16.18,false,3,60,20.0,595.5,198.5,1.86,100.0,32.32,20.22
4615,Josip Stanisic,Croatia,CRO,RB,2,false,19.65,15.72,false,1,20,20.0,181.4,181.4,1.73,102.7,28.37,20.17
4624,Thomas Müller,Germany,GER,CAM,13,true,19.61,15.69,false,3,60,20.0,576.1,192.0,1.9,98.8,33.21,19.38
13901,Pape Abou Cissé,Senegal,SEN,LCB,4,true,19.67,15.73,false,1,20,20.0,224.9,224.9,2.13,104.3,31.0,20.5
13980,Saeid Ezatolahi,Iran,IRN,CDM,6,false,18.45,14.76,false,3,60,20.0,516.1,172.0,1.79,99.8,33.89,18.41
11841,Hidemasa Morita,Japan,JPN,CDM,13,false,20.07,16.06,false,3,60,20.0,600.2,200.1,1.82,104.6,45.0,20.99
5098,Ko Itakura,Japan,JPN,RCB,4,true,17.38,13.91,false,3,60,20.0,591.7,197.2,2.02,108.9,45.0,18.93
14025,Youssef Msakni,Tunisia,TUN,LW,7,true,21.08,16.87,false,2,40,20.0,391.8,195.9,1.77,99.9,29.63,21.07
4012,Eduardo Camavinga,France,FRA,CM,25,false,19.67,15.73,false,2,40,20.0,406.0,203.0,1.97,100.8,36.28,19.83
13998,Salem Al-Dawsari,Saudi Arabia,KSA,LM,10,true,20.64,16.51,false,3,60,20.0,657.6,219.2,1.98,104.3,34.77,21.52
4608,Niklas Süle,Germany,GER,RB,15,true,19.63,15.71,false,3,59,19.67,638.2,212.7,2.04,104.5,45.0,20.53
1522,Frenkie de Jong,Netherlands,NED,CM,21,true,20.26,16.21,false,5,98,19.6,1034.6,206.9,1.96,101.6,35.42,20.59
7649,Mohamed Drager,Tunisia,TUN,RWB,20,true,19.83,15.87,false,2,39,19.5,359.9,179.9,1.77,99.2,45.0,19.68
3352,Jorge Sánchez,Mexico,MEX,RB,19,true,22.35,17.88,false,2,39,19.5,458.3,229.1,1.93,106.1,43.96,23.71
8022,Jurrien Timber,Netherlands,NED,RCB,2,false,21.07,16.85,false,4,78,19.5,832.1,208.0,1.88,102.5,37.76,21.58
5135,Josh Sargent,United States,USA,CF,24,true,18.02,14.41,false,3,58,19.33,498.8,166.3,1.86,95.4,22.35,17.2
13222,Nahuel Molina,Argentina,ARG,RB,26,true,20.02,16.02,false,6,116,19.33,1188.6,198.1,1.87,107.6,45.0,21.55
1907,Vitinha,Portugal,POR,CM,16,false,17.53,14.02,false,3,58,19.33,472.9,157.6,1.84,95.0,22.03,16.64
8054,Adrien Rabiot,France,FRA,CM,14,true,20.17,16.13,false,6,115,19.17,1098.6,183.1,1.78,102.0,37.05,20.56
1687,Luka Modric,Croatia,CRO,CM,10,true,20.18,16.15,false,7,134,19.14,1367.8,195.4,1.89,102.9,35.94,20.78
1593,Óscar Duarte,Costa Rica,CRC,RCB,6,true,18.78,15.02,false,3,57,19.0,565.9,188.6,1.98,101.3,27.72,19.02
4625,Robert Lewandowski,Poland,POL,CF,9,true,19.96,15.97,false,4,76,19.0,767.3,191.8,1.89,102.3,33.23,20.41
14011,Saleh Al-Shehri,Saudi Arabia,KSA,CF,11,true,17.95,14.36,false,3,57,19.0,517.6,172.5,1.91,100.9,29.03,18.12
4734,Filip Kostic,Serbia,SRB,LM,17,false,21.85,17.48,false,2,38,19.0,448.2,224.1,1.94,105.8,45.0,23.11
4606,Dayot Upamecano,France,FRA,LCB,18,true,20.4,16.32,false,5,94,18.8,1105.6,221.1,2.15,101.8,39.9,20.77
1971,Tim Ream,United States,USA,LCB,13,true,20.38,16.3,false,4,75,18.75,894.1,223.5,2.17,105.1,45.0,21.42
1334,Weston McKennie,United States,USA,CM,8,true,19.84,15.87,false,4,75,18.75,723.7,180.9,1.85,100.7,43.06,19.98
163,Bukayo Saka,England,ENG,RW,17,true,19.77,15.82,false,4,75,18.75,779.4,194.9,2.01,100.0,39.35,19.77
1973,Antonee Robinson,United States,USA,LB,5,true,21.09,16.87,false,4,75,18.75,839.5,209.9,1.91,106.9,45.0,22.54
13371,Bryan Oviedo,Costa Rica,CRC,LB,8,true,19.95,15.96,false,3,56,18.67,548.8,182.9,1.85,100.6,32.78,20.07
3868,Ángel Di María,Argentina,ARG,RM,11,true,18.78,15.02,false,4,74,18.5,650.4,162.6,1.81,98.5,40.2,18.5
13824,Kye Rowles,Australia,AUS,LCB,4,true,20.39,16.31,false,4,74,18.5,877.9,219.5,2.19,103.1,43.74,21.03
4737,Jesper Lindström,Denmark,DEN,CAM,25,false,23.35,18.68,false,2,37,18.5,438.8,219.4,1.9,102.5,34.78,23.95
11856,Enzo Fernandez,Argentina,ARG,CM,24,false,19.13,15.3,false,7,129,18.43,1235.9,176.6,1.86,104.0,41.93,19.89
926,Alistair Johnston,Canada,CAN,RCB,2,true,21.29,17.03,false,3,55,18.33,622.4,207.5,1.9,109.2,45.0,23.25
1406,Pervis Estupinan,Ecuador,ECU,LB,7,true,20.96,16.77,false,3,55,18.33,600.1,200.0,1.95,102.9,45.0,21.57
13780,Keysher Fuller,Costa Rica,CRC,RM,4,true,21.36,17.09,false,3,55,18.33,640.5,213.5,2.03,102.5,45.0,21.9
5038,Jae-sung Lee,South Korea,KOR,CAM,10,true,21.24,16.99,false,3,55,18.33,636.9,212.3,2.09,99.0,33.92,21.03
1681,Achraf Hakimi,Morocco,MAR,RB,2,true,20.65,16.52,false,7,128,18.29,1360.9,194.4,1.88,105.9,45.0,21.87
2095,Daichi Kamada,Japan,JPN,CAM,15,true,20.3,16.24,false,4,73,18.25,727.3,181.8,1.86,100.0,44.02,20.31
133,Bruno Fernandes,Portugal,POR,RW,8,true,20.61,16.49,false,4,72,18.0,697.1,174.3,1.75,104.1,33.95,21.46
4717,Breel Embolo,Switzerland,SUI,CF,7,true,20.52,16.42,false,4,72,18.0,753.9,188.5,1.92,104.3,43.85,21.41
12154,Famara Diedhiou,Senegal,SEN,CF,19,false,16.83,13.47,false,2,36,18.0,301.5,150.7,1.94,96.7,19.68,16.28
8402,Nicolas Ngamaleu,Cameroon,CMR,LW,6,false,21.15,16.92,false,1,18,18.0,210.2,210.2,2.09,103.9,27.55,21.96
8031,Mohammed Kudus,Ghana,GHA,CM,20,true,20.11,16.09,false,3,54,18.0,555.7,185.2,1.96,99.3,30.93,19.96
13971,Ehsan Hajsafi,Iran,IRN,LW,3,true,20.06,16.05,false,3,54,18.0,621.6,207.2,2.2,100.0,31.18,20.06
40,Dejan Lovren,Croatia,CRO,RCB,6,true,19.65,15.72,false,6,108,18.0,1173.2,195.5,2.07,101.7,39.81,19.99
1682,Daniel Carvajal,Spain,ESP,RB,20,false,19.95,15.96,false,2,36,18.0,322.0,161.0,1.7,99.9,31.25,19.93
11790,Steven Vitoria,Canada,CAN,UNK,5,true,21.13,16.91,false,3,54,18.0,588.2,196.1,1.84,109.7,45.0,23.21
4174,Jean-Charles Castelletto,Cameroon,CMR,RCB,21,true,19.51,15.61,false,2,36,18.0,380.5,190.3,2.05,100.5,29.02,19.61
4795,Woo-yeong Jeong,South Korea,KOR,CF,25,false,17.44,13.96,false,1,18,18.0,140.9,140.9,1.8,93.8,19.6,16.37
1896,Matty Cash,Poland,POL,RB,2,true,20.25,16.2,false,4,71,17.75,765.6,191.4,1.95,107.4,45.0,21.75
4892,Josko Gvardiol,Croatia,CRO,LCB,20,true,19.97,15.98,false,7,124,17.71,1348.1,192.6,2.05,100.9,32.0,20.16
5085,Abdul Rahman Baba,Ghana,GHA,LWB,17,true,19.56,15.65,false,3,53,17.67,532.3,177.4,1.95,99.3,39.78,19.42
13954,Abdulaziz Hatem,Qatar,QAT,CM,6,true,19.44,15.55,false,3,53,17.67,551.4,183.8,2.09,95.7,23.91,18.62
3865,Neymar,Brazil,BRA,CAM,10,true,19.73,15.78,false,3,53,17.67,485.6,161.9,1.71,106.9,37.48,21.08
14040,Andre Ayew,Ghana,GHA,CF,10,true,18.5,14.8,false,3,53,17.67,447.3,149.1,1.76,97.5,33.89,18.03
3734,Félix Torres,Ecuador,ECU,RCB,2,true,18.65,14.92,false,3,53,17.67,556.4,185.5,2.12,103.1,45.0,19.22
2083,Joe Rodon,Wales,WAL,UNK,6,true,19.21,15.36,false,3,53,17.67,560.7,186.9,2.1,100.5,25.75,19.31
8134,Denzel Dumfries,Netherlands,NED,RWB,22,true,22.47,17.98,false,5,88,17.6,979.7,195.9,1.81,105.5,45.0,23.7
9993,Kalidou Koulibaly,Senegal,SEN,RCB,3,true,20.8,16.64,false,4,70,17.5,702.5,175.6,1.77,104.5,36.43,21.75
2088,Maya Yoshida,Japan,JPN,LCB,22,true,20.12,16.1,false,4,70,17.5,844.8,211.2,2.12,111.0,45.0,22.33
214,Nampalys Mendy,Senegal,SEN,CM,6,true,20.13,16.1,false,4,70,17.5,719.4,179.8,1.9,100.7,38.07,20.27
13815,Mathew Leckie,Australia,AUS,RM,7,true,20.97,16.78,false,4,70,17.5,763.1,190.8,1.92,104.0,45.0,21.8
8341,Gavi,Spain,ESP,CM,9,true,19.65,15.72,false,4,70,17.5,673.6,168.4,1.83,102.1,35.97,20.06
1876,William Carvalho,Portugal,POR,CDM,14,false,17.95,14.36,false,4,70,17.5,558.5,139.6,1.71,97.9,27.05,17.58
1534,Antoine Griezmann,France,FRA,CAM,7,true,19.44,15.55,false,7,122,17.43,1214.1,173.4,1.93,99.4,36.12,19.33
1698,Gareth Bale,Wales,WAL,CF,11,true,18.66,14.93,false,3,52,17.33,523.5,174.5,2.02,102.0,32.56,19.03
13961,Akram Afif,Qatar,QAT,CF,11,true,20.64,16.51,false,3,52,17.33,603.6,201.2,2.1,102.2,36.75,21.09
12576,Nikola Milenkovic,Serbia,SRB,RCB,4,true,20.75,16.6,false,3,52,17.33,552.3,184.1,1.88,107.2,45.0,22.25
1960,Timothy Castagne,Belgium,BEL,RWB,21,true,20.77,16.62,false,3,52,17.33,590.0,196.7,2.07,101.6,33.64,21.1
14022,Aissa Laidouni,Tunisia,TUN,CM,14,true,22.21,17.77,false,3,52,17.33,578.9,193.0,1.86,101.0,37.67,22.44
1380,Thomas Partey,Ghana,GHA,CM,5,true,19.68,15.75,false,3,52,17.33,564.8,188.3,2.06,103.6,45.0,20.38
4324,Azzedine Ounahi,Morocco,MAR,CM,8,true,20.28,16.22,false,7,121,17.29,1221.5,174.5,1.87,101.1,36.41,20.51
1257,In-beom Hwang,South Korea,KOR,CM,6,true,20.78,16.62,false,4,69,17.25,743.4,185.9,1.94,103.1,37.69,21.42
100,Mateo Kovacic,Croatia,CRO,CM,8,true,19.57,15.66,false,7,120,17.14,1196.0,170.9,1.86,104.7,42.06,20.49
11,Nicolás Otamendi,Argentina,ARG,LCB,19,true,19.45,15.56,false,7,119,17.0,1187.0,169.6,1.9,105.4,45.0,20.5
96,César Azpilicueta,Spain,ESP,RB,2,true,18.93,15.14,false,2,34,17.0,329.6,164.8,1.89,105.0,45.0,19.87
18,Rodri,Spain,ESP,RCB,16,true,20.58,16.47,false,4,68,17.0,849.1,212.3,2.21,106.3,45.0,21.88
2106,Edson Alvarez,Mexico,MEX,CM,4,true,20.82,16.66,false,2,34,17.0,341.3,170.6,1.81,104.5,38.11,21.77
13946,Pedro Miguel,Qatar,QAT,RWB,2,true,19.11,15.29,false,3,51,17.0,484.8,161.6,1.79,107.2,43.18,20.48
3965,Jonathan David,Canada,CAN,CF,20,true,19.92,15.94,false,3,51,17.0,541.4,180.5,2.06,97.2,27.42,19.36
5070,Saman Ghoddos,Iran,IRN,CAM,14,false,20.76,16.61,false,1,17,17.0,157.8,157.8,1.78,94.5,23.31,19.61
4152,Pape Sarr,Senegal,SEN,CM,17,false,17.03,13.63,false,2,34,17.0,242.3,121.1,1.67,93.5,20.09,15.93
8061,Danilo,Brazil,BRA,RB,2,true,22.36,17.88,false,3,51,17.0,540.1,180.0,1.78,103.3,34.79,23.08
57,Xherdan Shaqiri,Switzerland,SUI,RW,23,true,19.37,15.49,false,3,51,17.0,512.9,171.0,1.92,105.8,45.0,20.49
1531,Lionel Messi,Argentina,ARG,CF,10,true,21.28,17.02,false,7,118,16.86,1288.5,184.1,1.86,106.5,39.42,22.66
13858,Josip Juranovic,Croatia,CRO,RB,22,true,22.17,17.74,false,6,101,16.83,1161.5,193.6,1.93,102.5,37.83,22.72
118,Harry Maguire,England,ENG,LCB,6,true,18.2,14.56,false,5,84,16.8,821.5,164.3,1.99,105.6,45.0,19.21
8343,Sergiño Dest,United States,USA,RB,2,true,20.36,16.29,false,4,67,16.75,757.9,189.5,2.03,106.7,45.0,21.72
13912,Jin-su Kim,South Korea,KOR,LB,3,true,20.02,16.01,false,4,67,16.75,708.4,177.1,1.92,103.3,45.0,20.68
8564,Pepe,Portugal,POR,RCB,3,false,18.84,15.07,false,4,67,16.75,628.3,157.1,1.86,103.9,31.16,19.57
8324,Joakim Maehle,Denmark,DEN,LWB,5,true,23.79,19.03,false,3,50,16.67,598.8,199.6,1.81,106.5,45.0,25.34
5195,Piero Hincapie,Ecuador,ECU,LCB,3,true,20.43,16.34,false,3,50,16.67,602.7,200.9,2.16,104.4,45.0,21.32
4928,Wataru Endo,Japan,JPN,CM,6,true,22.0,17.6,false,3,50,16.67,614.3,204.8,2.04,103.4,32.53,22.74
12502,Min Jae Kim,South Korea,KOR,RCB,4,true,19.95,15.96,false,3,50,16.67,573.4,191.1,2.15,103.3,37.67,20.62
13872,Collins Fai,Cameroon,CMR,RB,19,true,21.21,16.97,false,3,50,16.67,607.2,202.4,2.09,104.5,41.72,22.18
9824,Montassar Talbi,Tunisia,TUN,LCB,3,true,18.23,14.58,false,3,50,16.67,526.3,175.4,2.12,104.6,45.0,19.06
4926,Borna Sosa,Croatia,CRO,LB,19,true,20.15,16.12,false,5,83,16.6,877.4,175.5,1.95,102.6,37.59,20.67
10715,Julian Alvarez,Argentina,ARG,CF,9,false,20.96,16.76,false,7,116,16.57,1346.9,192.4,2.09,101.0,35.83,21.17
4684,Thorgan Hazard,Belgium,BEL,LW,16,false,19.12,15.29,false,2,33,16.5,289.8,144.9,1.78,97.9,25.6,18.72
4908,Dani Olmo,Spain,ESP,LW,21,true,20.67,16.54,false,4,66,16.5,772.8,193.2,2.05,108.1,45.0,22.37
8026,Daley Blind,Netherlands,NED,LWB,17,true,19.64,15.71,false,5,82,16.4,849.1,169.8,1.94,103.8,38.2,20.39
5029,Silvan Widmer,Switzerland,SUI,RB,3,true,22.06,17.65,false,3,49,16.33,591.6,197.2,2.02,104.4,45.0,23.03
8099,Rasmus Kristensen,Denmark,DEN,RWB,13,true,20.89,16.71,false,3,49,16.33,506.1,168.7,1.82,103.5,41.86,21.61
13981,Ali Gholizadeh,Iran,IRN,RW,17,false,21.4,17.12,false,3,49,16.33,550.3,183.4,1.93,104.3,45.0,22.32
14019,Yassine Meriah,Tunisia,TUN,UNK,4,true,18.67,14.94,false,3,49,16.33,524.8,174.9,2.09,104.8,38.7,19.57
4618,Leon Goretzka,Germany,GER,CM,8,false,19.67,15.73,false,3,49,16.33,456.8,152.3,1.81,98.4,45.0,19.34
105,Mason Mount,England,ENG,CAM,19,true,19.6,15.68,false,3,49,16.33,454.8,151.6,1.8,99.4,38.53,19.48
8555,Otavio,Portugal,POR,CM,25,true,19.63,15.7,false,3,49,16.33,443.8,147.9,1.76,99.6,30.43,19.55
3303,Jesús Gallardo,Mexico,MEX,LB,23,true,22.78,18.23,false,3,49,16.33,625.7,208.6,2.04,106.9,45.0,24.36
1025,Kamal Miller,Canada,CAN,LCB,4,true,20.12,16.1,false,3,49,16.33,483.8,161.3,1.75,110.1,42.44,22.16
3870,Kylian Mbappé,France,FRA,LW,10,true,20.72,16.58,false,7,114,16.29,1282.4,183.2,2.01,104.9,42.77,21.74
1676,Eder Militao,Brazil,BRA,RCB,14,false,20.75,16.6,false,4,65,16.25,685.9,171.5,1.83,109.1,45.0,22.64
123,Luke Shaw,England,ENG,LB,3,true,21.18,16.95,false,5,81,16.2,839.6,167.9,1.79,104.2,45.0,22.07
5116,Cristian Romero,Argentina,ARG,RCB,13,true,19.26,15.41,false,6,97,16.17,919.3,153.2,1.79,106.5,45.0,20.51
3848,Abdou Diallo,Senegal,SEN,LB,22,true,20.81,16.65,false,4,64,16.0,656.9,164.2,1.78,108.5,41.43,22.58
8257,Harry Souttar,Australia,AUS,RCB,19,true,19.77,15.82,false,4,64,16.0,699.9,175.0,1.99,106.2,45.0,20.99
1938,Hakim Ziyech,Morocco,MAR,RW,7,true,21.08,16.87,false,7,112,16.0,1199.2,171.3,1.89,103.5,37.91,21.82
13990,Yasser Al-Shahrani,Saudi Arabia,KSA,LB,13,true,20.6,16.48,false,1,16,16.0,174.5,174.5,1.95,105.0,35.6,21.62
13995,Abdulelah Al-Amri,Saudi Arabia,KSA,RCB,4,false,20.25,16.2,false,3,48,16.0,517.1,172.4,2.06,97.9,45.0,19.82
12586,Sofyan Amrabat,Morocco,MAR,CM,4,true,20.23,16.18,false,7,112,16.0,1203.4,171.9,1.94,104.3,45.0,21.11
13049,Gonzalo Plata,Ecuador,ECU,RM,19,true,20.67,16.53,false,3,48,16.0,526.9,175.6,1.98,101.8,44.03,21.05
7988,Boulaye Dia,Senegal,SEN,CF,9,true,20.94,16.75,false,4,64,16.0,709.4,177.4,1.98,101.2,30.73,21.2
14017,Ali Maaloul,Tunisia,TUN,LB,12,false,19.92,15.94,false,1,16,16.0,175.2,175.2,2.02,111.3,41.43,22.17
13953,Karim Boudiaf,Qatar,QAT,CM,12,true,19.04,15.23,false,3,48,16.0,454.9,151.6,1.87,100.7,41.08,19.17
2443,Moon-hwan Kim,South Korea,KOR,RB,15,true,22.63,18.1,false,4,63,15.75,777.1,194.3,1.97,108.1,45.0,24.46
1535,Luis Suarez,Uruguay,URU,CF,9,true,18.67,14.94,false,3,47,15.67,426.1,142.0,1.89,97.3,24.08,18.17
589,Neco Williams,Wales,WAL,LWB,3,true,20.04,16.03,false,3,47,15.67,512.2,170.7,2.05,101.9,41.21,20.41
11094,Cody Gakpo,Netherlands,NED,CAM,8,true,21.26,17.0,false,5,78,15.6,895.3,179.1,2.02,101.3,30.11,21.53
649,Francisco Calvo,Costa Rica,CRC,LCB,15,true,18.5,14.8,false,2,31,15.5,331.4,165.7,2.12,105.4,30.6,19.51
13874,Samuel Oum Gouet,Cameroon,CMR,CM,14,true,18.65,14.92,false,2,31,15.5,300.4,150.2,2.02,95.8,22.91,17.87
13819,Mitchell Duke,Australia,AUS,CF,15,true,20.35,16.28,false,4,62,15.5,650.7,162.7,1.93,101.9,40.22,20.73
284,Nathan Aké,Netherlands,NED,LCB,5,true,19.35,15.48,false,5,77,15.4,794.4,158.9,1.97,103.7,33.58,20.06
13960,Hasan Al-Haydos,Qatar,QAT,CM,10,true,19.65,15.72,false,3,46,15.33,443.6,147.9,1.8,105.0,41.05,20.63
9598,Ali Abdi,Tunisia,TUN,LWB,24,true,21.44,17.15,false,3,46,15.33,516.6,172.2,1.98,100.8,32.4,21.62
71,Ben Davies,Wales,WAL,LCB,4,true,19.75,15.8,false,3,46,15.33,518.0,172.7,2.07,104.0,43.86,20.54
1789,Jules Kounde,France,FRA,RCB,5,false,20.05,16.04,false,6,92,15.33,1019.3,169.9,2.01,105.4,45.0,21.13
1926,Thiago Silva,Brazil,BRA,LCB,3,true,20.31,16.24,false,4,61,15.25,687.6,171.9,1.96,112.8,45.0,22.91
195,Richarlison,Brazil,BRA,CF,9,true,21.68,17.34,false,4,61,15.25,759.6,189.9,2.2,98.3,29.19,21.32
4002,Nayef Aguerd,Morocco,MAR,RCB,5,true,20.39,16.32,false,4,61,15.25,669.1,167.3,1.9,110.7,45.0,22.58
13848,Kamil Glik,Poland,POL,RCB,15,true,18.5,14.8,false,4,61,15.25,573.0,143.2,1.82,109.2,44.51,20.19
1067,Brenden Aaronson,United States,USA,CAM,11,false,18.16,14.53,false,4,61,15.25,496.6,124.2,1.78,94.4,24.68,17.15
8136,Ivan Perisic,Croatia,CRO,LW,4,true,22.38,17.9,false,7,106,15.14,1291.6,184.5,1.99,106.2,39.01,23.78
13852,Damian Szymanski,Poland,POL,CM,8,false,15.76,12.61,false,1,15,15.0,108.4,108.4,1.81,94.9,18.55,14.96
12960,Ricardo Rodriguez,Switzerland,SUI,LB,13,true,20.7,16.56,false,4,60,15.0,706.1,176.5,2.05,108.8,45.0,22.52
1452,Nestor Araujo,Mexico,MEX,RCB,2,false,20.98,16.78,false,1,15,15.0,179.3,179.3,1.95,116.8,44.59,24.52
13978,Ramin Rezaeian,Iran,IRN,RB,23,false,21.81,17.45,false,2,30,15.0,372.7,186.3,2.06,106.6,39.16,23.25
8927,Ao Tanaka,Japan,JPN,CM,17,true,19.46,15.57,false,3,45,15.0,466.4,155.5,2.04,97.1,38.31,18.89
13997,Abdullah Madu,Saudi Arabia,KSA,LCB,3,false,18.32,14.66,false,1,15,15.0,156.0,156.0,2.27,94.9,20.76,17.38
13797,Shogo Taniguchi,Japan,JPN,RCB,3,false,20.76,16.61,false,2,30,15.0,382.2,191.1,2.13,111.0,45.0,23.04
802,Jesús Ferreira,United States,USA,CF,9,false,19.85,15.88,false,1,15,15.0,144.6,144.6,1.93,92.6,21.48,18.38
3460,Romario Ibarra,Ecuador,ECU,LM,10,true,20.99,16.79,false,1,15,15.0,175.0,175.0,2.09,103.5,37.29,21.72
4656,Gregor Kobel,Switzerland,SUI,GK,21,false,12.82,10.26,false,1,15,15.0,104.0,104.0,1.5,145.7,45.0,18.68
963,Tajon Buchanan,Canada,CAN,RW,11,true,21.39,17.11,false,3,45,15.0,571.3,190.4,2.2,104.1,44.55,22.26
241,Leander Dendoncker,Belgium,BEL,RCB,19,true,20.33,16.26,false,2,30,15.0,347.9,173.9,2.17,98.8,29.23,20.09
1368,Jose Gimenez,Uruguay,URU,LCB,2,true,20.91,16.73,false,3,45,15.0,527.3,175.8,1.99,109.7,45.0,22.93
14005,Sami Al-Najei,Saudi Arabia,KSA,CAM,16,false,20.02,16.02,false,1,15,15.0,187.0,187.0,2.46,95.2,24.3,19.06
11960,Enner Valencia,Ecuador,ECU,CF,13,true,19.7,15.76,false,3,45,15.0,505.0,168.3,2.14,101.6,30.49,20.02
13948,Bassam Al-Rawi,Qatar,QAT,RCB,15,true,19.46,15.57,false,1,15,15.0,170.1,170.1,2.21,98.5,22.69,19.18
6895,Rodrigo de Paul,Argentina,ARG,CM,7,true,21.95,17.56,false,7,105,15.0,1170.2,167.2,1.86,105.1,44.28,23.07
13784,Johan Venegas,Costa Rica,CRC,CF,11,false,20.81,16.64,false,1,15,15.0,218.4,218.4,2.66,100.4,37.14,20.88
13927,Guillermo Varela,Uruguay,URU,RB,13,false,20.65,16.52,false,3,45,15.0,498.1,166.0,2.06,97.7,39.1,20.18
4566,Rubén Vargas,Switzerland,SUI,LW,17,true,21.9,17.52,false,4,60,15.0,678.4,169.6,1.95,101.8,34.22,22.31
233,Romain Saïss,Morocco,MAR,LCB,6,true,19.13,15.3,false,6,89,14.83,996.4,166.1,2.09,109.9,45.0,21.03
3846,Marquinhos,Brazil,BRA,RCB,4,true,20.63,16.5,false,5,74,14.8,838.1,167.6,2.02,105.4,45.0,21.75
1336,Timothy Weah,United States,USA,RW,21,true,20.47,16.37,false,4,59,14.75,687.3,171.8,2.08,104.0,45.0,21.29
4661,Manuel Akanji,Switzerland,SUI,RCB,5,true,20.42,16.33,false,4,59,14.75,629.7,157.4,1.9,106.9,45.0,21.83
7419,Krystian Bielik,Poland,POL,CM,6,false,19.05,15.24,false,4,59,14.75,544.0,136.0,1.84,98.6,30.44,18.78
14028,Issam Jebali,Tunisia,TUN,CF,9,true,18.25,14.6,false,3,44,14.67,354.4,118.1,1.65,102.2,26.4,18.64
92,Andreas Christensen,Denmark,DEN,LCB,6,true,21.26,17.01,false,3,44,14.67,561.1,187.0,2.12,110.4,45.0,23.47
6018,Connor Roberts,Wales,WAL,RWB,14,true,20.83,16.67,false,3,44,14.67,488.6,162.9,2.0,103.6,39.97,21.58
5074,Bryan Mbeumo,Cameroon,CMR,RW,20,true,21.05,16.84,false,3,44,14.67,524.9,175.0,2.15,102.4,43.83,21.56
8583,Theo Hernandez,France,FRA,LB,22,false,21.79,17.43,false,6,87,14.5,1068.5,178.1,2.06,106.0,45.0,23.1
8071,Sebastian Coates,Uruguay,URU,RCB,19,false,19.28,15.42,false,2,29,14.5,303.9,152.0,2.0,106.8,45.0,20.58
4404,Alidu Seidu,Ghana,GHA,RWB,26,true,19.02,15.21,false,2,29,14.5,262.1,131.1,1.73,109.5,45.0,20.82
1860,Takefusa Kubo,Japan,JPN,LW,11,true,18.99,15.19,false,2,29,14.5,240.4,120.2,1.66,99.0,25.56,18.79
12820,Jakub Kiwior,Poland,POL,LCB,14,true,19.8,15.84,false,4,58,14.5,640.9,160.2,2.01,109.4,41.48,21.66
25,Raheem Sterling,England,ENG,LW,10,true,19.84,15.87,false,2,29,14.5,253.6,126.8,1.64,103.2,36.62,20.46
21,Phil Foden,England,ENG,CM,20,false,20.27,16.21,false,4,58,14.5,549.6,137.4,1.75,101.9,40.94,20.64
13922,Woo-young Jung,South Korea,KOR,CM,5,true,21.42,17.14,false,4,58,14.5,682.8,170.7,2.02,104.4,38.69,22.37
4868,David Raum,Germany,GER,LB,3,true,22.78,18.22,false,3,43,14.33,550.6,183.5,2.02,106.2,45.0,24.18
13951,Homam Ahmed,Qatar,QAT,LWB,14,true,21.56,17.25,false,3,43,14.33,560.0,186.7,2.17,107.9,45.0,23.27
3455,Luis Chávez,Mexico,MEX,CM,24,true,21.67,17.34,false,3,43,14.33,505.8,168.6,1.97,108.1,42.58,23.43
13962,Almoez Ali,Qatar,QAT,CF,19,true,20.12,16.1,false,3,43,14.33,456.7,152.2,1.94,103.8,45.0,20.89
3895,Ismail Jakobs,Senegal,SEN,LB,14,false,20.53,16.43,false,4,57,14.25,606.9,151.7,1.93,104.3,45.0,21.42
2066,Ruben Dias,Portugal,POR,RCB,4,true,20.97,16.78,false,4,57,14.25,595.5,148.9,1.81,105.2,39.66,22.07
1393,Joao Felix,Portugal,POR,LW,11,true,21.69,17.35,false,4,57,14.25,620.1,155.0,1.88,100.9,30.38,21.89
6967,Riley McGree,Australia,AUS,CM,14,true,20.54,16.43,false,4,57,14.25,623.8,155.9,1.97,102.8,45.0,21.12
13906,Andrija Zivkovic,Serbia,SRB,RWB,14,true,21.54,17.23,false,3,42,14.0,483.8,161.3,1.98,106.8,45.0,23.02
13851,Michal Skoras,Poland,POL,RW,26,false,17.85,14.28,false,1,14,14.0,116.4,116.4,1.77,97.7,22.11,17.45
13937,Angelo Preciado,Ecuador,ECU,RB,17,true,20.0,16.0,false,3,42,14.0,482.3,160.8,2.03,110.3,45.0,22.06
4626,Eric Maxim Choupo-Moting,Cameroon,CMR,CF,13,true,20.9,16.72,false,3,42,14.0,426.6,142.2,1.77,107.4,42.36,22.45
6916,Junior Hoilett,Canada,CAN,LW,10,true,19.52,15.62,false,3,42,14.0,401.0,133.7,1.86,99.1,28.96,19.34
14010,Firas Al-Buraikan,Saudi Arabia,KSA,RM,9,true,21.02,16.81,false,3,42,14.0,483.4,161.1,2.03,102.6,35.5,21.56
1799,Nemanja Gudelj,Serbia,SRB,CM,8,true,19.61,15.69,false,2,28,14.0,310.4,155.2,2.15,98.3,27.18,19.29
3903,Krépin Diatta,Senegal,SEN,RW,15,true,20.91,16.73,false,3,42,14.0,456.6,152.2,1.95,101.8,41.71,21.28
13871,Devis Epassy,Cameroon,CMR,GK,16,false,11.9,9.52,false,2,28,14.0,188.8,94.4,1.57,143.2,45.0,17.05
754,Kendall Waston,Costa Rica,CRC,RCB,19,false,18.29,14.63,false,3,42,14.0,436.6,145.5,2.12,103.6,28.04,18.94
13856,Josip Sutalo,Croatia,CRO,RCB,24,false,19.96,15.97,false,1,14,14.0,146.8,146.8,1.91,110.8,30.19,22.12
4623,Serge Gnabry,Germany,GER,RW,10,true,21.76,17.41,false,3,42,14.0,560.3,186.8,2.28,102.3,33.0,22.26
13796,Miki Yamane,Japan,JPN,RB,2,false,17.4,13.92,false,1,14,14.0,125.0,125.0,1.71,120.0,45.0,20.87
13800,Ayase Ueda,Japan,JPN,CF,21,false,17.39,13.91,false,1,14,14.0,119.0,119.0,1.86,99.8,21.19,17.37
4883,Andrej Kramaric,Croatia,CRO,CF,9,true,21.41,17.12,false,7,97,13.86,1011.1,144.4,1.82,101.5,34.21,21.73
8025,Nicolas Tagliafico,Argentina,ARG,LB,3,true,19.36,15.49,false,6,83,13.83,799.8,133.3,1.9,98.4,30.05,19.05
4053,Kasper Dolberg,Denmark,DEN,CF,12,true,18.64,14.92,false,3,41,13.67,370.2,123.4,1.89,97.2,29.75,18.13
13032,Pathe Ciss,Senegal,SEN,CM,11,false,18.67,14.94,false,3,41,13.67,315.8,105.3,1.57,100.8,29.41,18.83
1545,Mathí­as Olivera,Uruguay,URU,LB,16,true,20.27,16.21,false,3,41,13.67,486.4,162.1,2.12,106.3,45.0,21.55
401,Sofiane Boufal,Morocco,MAR,LW,17,true,19.78,15.82,false,7,95,13.57,938.9,134.1,1.82,106.7,45.0,21.11
1810,Youssef En-Nesyri,Morocco,MAR,CF,19,true,20.57,16.46,false,7,95,13.57,1017.3,145.3,1.89,105.8,37.53,21.78
112,Michy Batshuayi,Belgium,BEL,CF,23,true,20.06,16.05,false,2,27,13.5,270.3,135.2,1.82,103.2,35.14,20.71
1696,Marco Asensio,Spain,ESP,CF,10,true,19.55,15.64,false,4,54,13.5,564.6,141.1,1.91,110.1,45.0,21.53
13923,Gue-sung Cho,South Korea,KOR,CF,9,false,20.66,16.53,false,4,54,13.5,609.4,152.4,2.03,101.6,37.45,20.98
1384,Hector Herrera,Mexico,MEX,CM,16,true,19.88,15.91,false,2,27,13.5,285.2,142.6,1.9,107.4,45.0,21.36
4498,Amadou Onana,Belgium,BEL,CDM,18,false,18.48,14.79,false,2,27,13.5,232.4,116.2,1.66,106.9,35.88,19.75
687,Kellyn Acosta,United States,USA,CDM,23,false,17.67,14.14,false,2,27,13.5,216.4,108.2,1.81,94.0,22.95,16.62
6935,Joe Allen,Wales,WAL,CM,7,false,18.64,14.92,false,2,27,13.5,247.3,123.6,1.93,96.3,20.54,17.96
13866,Selim Amallah,Morocco,MAR,CM,15,true,19.65,15.72,false,7,94,13.43,894.0,127.7,1.82,100.0,35.76,19.64
8027,Noussair Mazraoui,Morocco,MAR,LB,3,true,21.01,16.81,false,5,67,13.4,780.3,156.1,1.99,109.3,45.0,22.97
5173,Ismael Kone,Canada,CAN,CM,15,false,19.89,15.91,false,3,40,13.33,369.0,123.0,1.8,96.5,26.51,19.18
13944,Abdelkarim Hassan,Qatar,QAT,LCB,3,true,20.45,16.36,false,3,40,13.33,525.7,175.2,2.31,108.4,43.98,22.18
2073,Joachim Andersen,Denmark,DEN,RCB,2,true,22.49,17.99,false,3,40,13.33,526.2,175.4,2.08,110.0,45.0,24.74
1675,Raphael Varane,France,FRA,RCB,4,false,20.09,16.07,false,6,80,13.33,904.9,150.8,1.99,109.6,45.0,22.02
14031,Milan Borjan,Canada,CAN,GK,18,true,12.38,9.9,false,3,40,13.33,273.0,91.0,1.5,152.8,45.0,18.91
8133,Matias Vecino,Uruguay,URU,CM,5,true,20.14,16.11,false,3,40,13.33,489.3,163.1,2.31,99.3,33.8,20.0
1695,Vinícius Junior,Brazil,BRA,LW,20,true,23.02,18.42,false,4,53,13.25,665.5,166.4,2.04,102.6,42.86,23.62
12766,Bartosz Bereszynski,Poland,POL,LB,18,true,20.75,16.6,false,4,53,13.25,642.1,160.5,2.12,107.7,41.47,22.36
8033,Davy Klaassen,Netherlands,NED,CAM,14,false,19.57,15.65,false,4,53,13.25,492.4,123.1,1.82,97.9,28.76,19.15
13864,Yahia Attiat-Allah,Morocco,MAR,LB,25,false,20.93,16.74,false,5,66,13.2,741.5,148.3,2.02,101.9,37.13,21.33
9178,Marcos Acuña,Argentina,ARG,LB,8,false,21.32,17.06,false,6,79,13.17,854.5,142.4,1.84,106.6,45.0,22.71
13999,Salman Al-Faraj,Saudi Arabia,KSA,CM,7,true,17.33,13.87,false,1,13,13.0,96.0,96.0,1.71,93.7,19.45,16.24
13820,Aziz Behich,Australia,AUS,LB,16,true,21.63,17.31,false,4,52,13.0,701.2,175.3,2.21,110.0,44.56,23.8
13916,Chul Hong,South Korea,KOR,LB,14,false,21.27,17.02,false,1,13,13.0,132.4,132.4,1.85,96.9,25.16,20.62
47,Jordan Henderson,England,ENG,CM,8,false,22.01,17.61,false,4,52,13.0,563.4,140.9,1.82,103.6,35.79,22.81
3849,Thilo Kehrer,Germany,GER,RCB,5,false,22.06,17.65,false,1,13,13.0,142.8,142.8,1.79,108.0,45.0,23.84
13992,Ali Al-Bulayhi,Saudi Arabia,KSA,LCB,5,true,20.71,16.57,false,3,39,13.0,466.7,155.6,2.2,101.2,45.0,20.96
286,Chris Mepham,Wales,WAL,RCB,5,true,21.71,17.37,false,3,39,13.0,528.6,176.2,2.09,113.7,41.36,24.68
1267,Lucas Cavallini,Canada,CAN,CF,9,false,21.94,17.55,false,1,13,13.0,134.6,134.6,1.88,93.1,22.8,20.44
9939,Jakub Kaminski,Poland,POL,RM,13,true,20.26,16.21,false,4,52,13.0,538.0,134.5,1.91,100.9,36.31,20.44
44,Fabinho,Brazil,BRA,CDM,15,false,22.6,18.08,false,1,13,13.0,138.8,138.8,1.68,112.2,33.15,25.35
14018,Nader Ghandri,Tunisia,TUN,RCB,5,false,18.27,14.62,false,1,13,13.0,161.0,161.0,2.5,108.2,25.1,19.78
10756,Jordan Veretout,France,FRA,CM,15,false,21.45,17.16,false,1,13,13.0,141.5,141.5,1.95,97.5,23.71,20.92
1950,Ferran Torres,Spain,ESP,RW,11,true,20.54,16.43,false,4,52,13.0,546.8,136.7,1.9,105.1,42.42,21.58
1363,Inaki Williams,Ghana,GHA,CF,19,true,21.8,17.44,false,3,39,13.0,449.1,149.7,1.94,102.1,29.85,22.26
2074,Raphinha,Brazil,BRA,RW,11,true,22.53,18.03,false,4,52,13.0,666.7,166.7,2.06,106.2,45.0,23.91
13982,Ahmad Nourollahi,Iran,IRN,CM,21,true,21.7,17.36,false,3,39,13.0,438.8,146.3,1.96,102.0,28.58,22.15
240,Rúben Neves,Portugal,POR,CM,18,true,20.3,16.24,false,4,52,13.0,517.7,129.4,1.83,102.2,27.85,20.75
158,Mattéo Guendouzi,France,FRA,CM,6,false,21.62,17.3,false,1,13,13.0,169.5,169.5,2.28,100.6,29.42,21.74
1289,Mark-Anthony Kaye,Canada,CAN,CM,14,false,20.0,16.0,false,1,13,13.0,141.2,141.2,2.03,99.6,32.66,19.91
13918,Sang-ho Na,South Korea,KOR,RW,17,true,17.86,14.29,false,2,26,13.0,250.0,125.0,1.98,106.2,45.0,18.97
37,Virgil van Dijk,Netherlands,NED,UNK,4,true,21.55,17.24,false,5,65,13.0,737.6,147.5,1.86,112.6,44.03,24.25
4673,Thomas Delaney,Denmark,DEN,CM,8,true,21.91,17.52,false,1,13,13.0,114.3,114.3,1.55,97.8,29.99,21.43
13798,Yuto Nagatomo,Japan,JPN,LB,5,true,18.47,14.78,false,4,52,13.0,483.5,120.9,1.85,105.2,37.38,19.43
4666,Raphaël Guerreiro,Portugal,POR,LB,5,true,21.16,16.93,false,4,51,12.75,572.3,143.1,2.0,101.7,34.79,21.53
1513,Jordi Alba,Spain,ESP,LB,18,true,20.92,16.73,false,4,51,12.75,570.0,142.5,1.98,103.6,39.33,21.67
916,Walker Zimmerman,United States,USA,RCB,3,true,19.48,15.58,false,4,51,12.75,605.1,151.3,2.19,107.9,45.0,21.02
9981,Ritsu Doan,Japan,JPN,RW,8,false,18.44,14.75,false,4,51,12.75,500.3,125.1,1.97,104.3,40.98,19.22
3316,Joel Campbell,Costa Rica,CRC,CF,12,true,19.62,15.69,false,3,38,12.67,440.1,146.7,2.11,108.8,35.27,21.34
13924,Sergio Rochet,Uruguay,URU,GK,23,true,10.79,8.63,false,3,38,12.67,227.8,75.9,1.7,142.8,45.0,15.41
4669,Thomas Meunier,Belgium,BEL,RB,15,false,19.89,15.91,false,3,38,12.67,378.5,126.2,1.87,103.0,40.3,20.49
13975,Milad Mohammadi,Iran,IRN,LWB,5,true,20.8,16.64,false,3,38,12.67,433.9,144.6,2.1,98.7,30.21,20.53
11113,Sebastian Szymanski,Poland,POL,CM,19,true,22.39,17.91,false,2,25,12.5,289.3,144.6,1.93,101.0,32.16,22.6
13813,Fran Karacic,Australia,AUS,RB,5,false,20.54,16.43,false,2,25,12.5,244.3,122.2,1.81,99.7,37.12,20.48
8034,Steven Berghuis,Netherlands,NED,CM,11,true,18.97,15.18,false,4,50,12.5,463.5,115.9,1.85,98.8,34.33,18.74
13969,Hossein Hosseini,Iran,IRN,GK,24,false,11.05,8.84,false,2,25,12.5,156.6,78.3,1.58,138.7,45.0,15.33
8079,Matheus Nunes,Portugal,POR,CM,23,false,18.35,14.68,false,2,25,12.5,252.4,126.2,2.02,100.4,32.49,18.43
83,Heung-min Son,South Korea,KOR,LW,7,true,23.26,18.61,false,4,50,12.5,729.4,182.3,2.28,105.0,34.17,24.43
453,Alexis Mac Allister,Argentina,ARG,CAM,20,false,20.99,16.79,false,6,74,12.33,822.4,137.1,1.9,109.1,40.89,22.9
127,Diogo Dalot,Portugal,POR,RB,2,false,23.42,18.74,false,3,37,12.33,480.5,160.2,2.05,102.8,35.33,24.08
2087,Takehiro Tomiyasu,Japan,JPN,RB,16,false,20.67,16.54,false,3,37,12.33,504.8,168.3,2.45,104.9,40.77,21.68
1991,Aleksandar Mitrovic,Serbia,SRB,CF,9,true,21.18,16.94,false,3,37,12.33,444.8,148.3,2.02,108.4,43.21,22.95
1532,Ousmane Dembele,France,FRA,RW,11,true,21.38,17.1,false,7,86,12.29,969.2,138.5,1.94,104.8,45.0,22.41
3856,Leandro Paredes,Argentina,ARG,CM,5,true,18.17,14.53,false,5,61,12.2,521.5,104.3,1.83,96.7,28.66,17.57
113,Olivier Giroud,France,FRA,CF,9,true,19.56,15.65,false,6,73,12.17,724.3,120.7,1.85,104.9,39.16,20.52
940,Matt Turner,United States,USA,GK,1,true,11.83,9.47,false,4,48,12.0,389.1,97.3,1.89,144.5,45.0,17.1
9089,Andreas Skov Olsen,Denmark,DEN,CF,11,true,24.13,19.3,false,2,24,12.0,338.5,169.2,2.08,110.9,45.0,26.77
70,Cameron Carter-Vickers,United States,USA,RCB,20,false,21.08,16.86,false,1,12,12.0,164.5,164.5,2.16,121.8,38.69,25.68
1550,Nemanja Maksimovic,Serbia,SRB,CDM,6,false,21.97,17.57,false,3,36,12.0,411.5,137.2,2.02,96.1,29.14,21.11
13831,Everton Ribeiro,Brazil,BRA,CM,22,false,21.37,17.1,false,1,12,12.0,113.9,113.9,1.75,93.5,22.68,19.98
1665,Ante Budimir,Croatia,CRO,CF,17,false,22.71,18.17,false,1,12,12.0,137.3,137.3,1.94,98.6,26.41,22.4
7605,Olivier Ntcham,Cameroon,CMR,CM,22,false,19.56,15.65,false,1,12,12.0,99.9,99.9,1.68,95.8,21.95,18.73
13216,Stefan Mitrović,Serbia,SRB,RCB,13,false,20.86,16.69,false,1,12,12.0,141.6,141.6,2.24,94.2,21.99,19.66
4915,Hee-chan Hwang,South Korea,KOR,CF,11,false,21.63,17.3,false,2,24,12.0,316.0,158.0,2.21,108.9,41.3,23.56
13811,Nathaniel Atkinson,Australia,AUS,RB,3,true,21.89,17.51,false,1,12,12.0,153.0,153.0,2.1,108.1,45.0,23.65
3968,Steve Mandanda,France,FRA,GK,16,false,12.61,10.08,false,1,12,12.0,68.3,68.3,1.21,153.3,45.0,19.32
13802,Daizen Maeda,Japan,JPN,CF,25,true,20.74,16.59,false,3,36,12.0,429.4,143.1,2.19,100.1,26.06,20.76
1937,Kai Havertz,Germany,GER,CF,7,true,19.88,15.91,false,2,24,12.0,275.1,137.6,2.18,100.8,25.59,20.04
8018,Andre Onana,Cameroon,CMR,GK,23,true,13.3,10.64,false,1,12,12.0,89.5,89.5,1.65,128.0,45.0,17.02
13947,Ismaeel Mohammed,Qatar,QAT,RW,17,false,22.5,18.0,false,2,24,12.0,328.1,164.1,2.07,115.5,45.0,25.98
668,Przemyslaw Frankowski,Poland,POL,LM,24,false,21.21,16.97,false,4,48,12.0,536.3,134.1,1.98,101.1,37.74,21.45
14006,Ali Al-Hassan,Saudi Arabia,KSA,CDM,15,false,20.03,16.02,false,1,12,12.0,120.4,120.4,1.96,94.8,21.9,18.98
13801,Yuki Soma,Japan,JPN,LW,24,false,20.44,16.35,false,1,12,12.0,134.3,134.3,1.99,113.1,34.27,23.12
13787,Youstin Salas,Costa Rica,CRC,CDM,14,false,20.59,16.47,false,1,12,12.0,137.9,137.9,2.11,98.5,25.91,20.28
1341,Unai Simon,Spain,ESP,GK,23,true,12.43,9.94,false,4,48,12.0,407.6,101.9,1.71,158.4,45.0,19.69
4316,Enzo Ebosse,Cameroon,CMR,LB,24,false,23.38,18.7,false,1,12,12.0,140.8,140.8,1.71,116.1,39.42,27.14
8023,Lisandro Martinez,Argentina,ARG,LCB,25,false,18.8,15.04,false,5,59,11.8,632.9,126.6,2.11,106.3,37.72,19.99
17,João Cancelo,Portugal,POR,RB,20,true,23.12,18.5,false,4,47,11.75,595.9,149.0,1.97,104.9,36.3,24.25
7478,Milos Degenek,Australia,AUS,RCB,2,false,19.93,15.94,false,4,47,11.75,471.3,117.8,1.88,100.9,32.29,20.11
9947,Milos Veljkovic,Serbia,SRB,UNK,5,true,19.44,15.55,false,3,35,11.67,379.4,126.5,2.03,109.7,40.99,21.32
1694,Eden Hazard,Belgium,BEL,LW,10,true,19.9,15.92,false,3,35,11.67,318.1,106.0,1.75,99.6,45.0,19.83
5035,Edimilson Fernandes,Switzerland,SUI,CM,2,false,19.91,15.93,false,3,35,11.67,375.1,125.0,2.06,98.7,28.74,19.67
462,Wayne Hennessey,Wales,WAL,GK,1,true,12.06,9.65,false,2,23,11.5,188.8,94.4,1.8,146.8,45.0,17.7
428,Ismaïla Sarr,Senegal,SEN,LW,18,true,22.97,18.38,false,4,46,11.5,667.9,167.0,2.27,108.7,42.68,24.97
1536,Martin Braithwaite,Denmark,DEN,CF,9,false,21.57,17.25,false,2,23,11.5,230.1,115.1,1.75,99.7,28.84,21.5
2094,Junya Ito,Japan,JPN,RW,14,true,20.75,16.6,false,4,46,11.5,569.5,142.4,2.08,110.0,45.0,22.83
1387,Yannick Carrasco,Belgium,BEL,LWB,11,true,21.15,16.92,false,2,23,11.5,251.4,125.7,1.95,99.6,31.21,21.06
320,Fabian Schär,Switzerland,SUI,RCB,22,false,19.62,15.69,false,2,23,11.5,264.8,132.4,2.13,107.7,40.29,21.12
5063,Mathias Jensen,Denmark,DEN,CM,7,false,20.97,16.78,false,2,23,11.5,231.9,115.9,1.78,103.5,41.39,21.7
13823,Craig Goodwin,Australia,AUS,LM,23,true,19.81,15.85,false,4,46,11.5,541.1,135.3,2.22,101.9,38.78,20.19
14027,Naim Sliti,Tunisia,TUN,LW,23,false,21.64,17.31,false,2,23,11.5,259.0,129.5,1.97,100.4,26.15,21.74
8050,Alex Sandro,Brazil,BRA,LB,6,true,21.1,16.88,false,2,23,11.5,288.5,144.2,2.06,117.8,45.0,24.86
169,Jordan Pickford,England,ENG,GK,1,true,11.98,9.59,false,5,57,11.4,402.7,80.5,1.68,141.3,45.0,16.94
13563,Jewison Bennette,Costa Rica,CRC,LM,9,true,19.32,15.46,false,3,34,11.33,312.0,104.0,1.83,99.0,33.17,19.13
200,Kasper Schmeichel,Denmark,DEN,GK,1,true,12.08,9.66,false,3,34,11.33,315.3,105.1,1.96,160.2,45.0,19.34
3880,Strahinja Pavlovic,Serbia,SRB,LCB,2,true,21.22,16.98,false,3,34,11.33,407.6,135.9,1.99,112.4,41.78,23.85
213,Daniel Amartey,Ghana,GHA,RCB,18,true,20.6,16.48,false,3,34,11.33,459.7,153.2,2.36,107.6,45.0,22.15
4691,Yann Sommer,Switzerland,SUI,GK,1,true,13.01,10.41,false,3,34,11.33,267.4,89.1,1.72,145.7,45.0,18.95
8327,Marten De Roon,Netherlands,NED,CDM,15,false,19.48,15.59,false,3,34,11.33,356.3,118.8,1.98,102.9,28.82,20.06
137,Daniel James,Wales,WAL,CF,20,true,20.55,16.44,false,3,34,11.33,374.7,124.9,2.0,100.1,33.55,20.57
8342,Memphis Depay,Netherlands,NED,CF,10,false,21.75,17.4,false,5,56,11.2,660.8,132.2,1.99,104.4,37.49,22.7
1,Harry Kane,England,ENG,CF,9,true,20.98,16.78,false,5,56,11.2,592.2,118.4,1.76,110.0,36.02,23.07
3299,César Montes,Mexico,MEX,RCB,3,true,21.69,17.35,false,3,33,11.0,401.8,133.9,1.88,117.6,45.0,25.51
1880,Andres Guardado,Mexico,MEX,CM,18,false,17.21,13.77,false,1,11,11.0,94.9,94.9,1.99,93.8,18.36,16.14
1910,Mohammed Salisu,Ghana,GHA,LCB,4,true,20.42,16.34,false,3,33,11.0,423.3,141.1,2.22,110.6,45.0,22.58
4882,Robert Skov,Denmark,DEN,RW,24,false,20.87,16.7,false,1,11,11.0,107.8,107.8,1.85,96.6,21.75,20.17
4681,Giovanni Reyna,United States,USA,CAM,7,false,18.05,14.44,false,2,22,11.0,215.1,107.6,2.07,94.6,24.26,17.08
3315,Vincent Janssen,Netherlands,NED,CF,18,true,20.39,16.31,false,1,11,11.0,124.5,124.5,1.97,103.0,29.41,21.0
8741,Gael Ondoua,Cameroon,CMR,CDM,5,false,19.21,15.37,false,2,22,11.0,180.8,90.4,1.68,96.6,22.77,18.55
2077,Edinson Cavani,Uruguay,URU,CF,21,false,19.22,15.37,false,3,33,11.0,337.8,112.6,2.06,97.4,23.99,18.72
27,Bernardo Silva,Portugal,POR,CM,10,true,22.61,18.09,false,5,55,11.0,644.1,128.8,1.88,106.9,40.58,24.18
13972,Abolfazl Jalali,Iran,IRN,LB,25,false,17.59,14.08,false,1,11,11.0,81.3,81.3,1.64,94.2,20.65,16.58
3301,Héctor Moreno,Mexico,MEX,LCB,15,true,20.25,16.2,false,3,33,11.0,399.9,133.3,2.06,116.5,45.0,23.59
3924,Bruno Guimarães,Brazil,BRA,CDM,17,false,19.8,15.84,false,2,22,11.0,184.4,92.2,1.67,94.3,23.07,18.69
8009,Darwin Nunez,Uruguay,URU,LW,11,true,22.73,18.18,false,3,33,11.0,470.6,156.9,2.29,101.4,34.89,23.05
13993,Sultan Al-Ghannam,Saudi Arabia,KSA,RB,2,false,21.13,16.9,false,3,33,11.0,394.4,131.5,2.15,102.6,34.82,21.67
1702,Luka Jovic,Serbia,SRB,CF,11,false,18.43,14.74,false,1,11,11.0,107.8,107.8,2.04,97.4,21.4,17.94
3857,Danilo Pereira,Portugal,POR,LCB,13,true,22.86,18.29,false,1,11,11.0,127.9,127.9,1.75,111.3,35.19,25.45
84,Steven Bergwijn,Netherlands,NED,CF,7,true,19.69,15.76,false,4,44,11.0,441.4,110.4,1.95,98.6,28.62,19.45
12945,Bremer,Brazil,BRA,RCB,24,false,19.1,15.28,false,2,22,11.0,234.4,117.2,2.12,102.0,27.41,19.47
13462,Martín Cáceres,Uruguay,URU,RB,22,true,22.08,17.66,false,1,11,11.0,142.5,142.5,2.04,109.6,43.2,24.19
4207,Christopher Wooh,Cameroon,CMR,RCB,4,false,22.13,17.71,false,1,11,11.0,133.3,133.3,1.89,112.2,37.83,24.84
1975,Denis Odoi,Ghana,GHA,RB,3,false,14.75,11.8,false,1,11,11.0,77.2,77.2,1.88,94.9,16.2,14.0
8330,Mario Pasalic,Croatia,CRO,CAM,15,false,20.35,16.28,false,7,76,10.86,797.6,113.9,1.99,98.0,25.44,19.96
13854,Dominik Livakovic,Croatia,CRO,GK,1,true,12.21,9.76,false,7,76,10.86,576.1,82.3,1.68,160.2,45.0,19.57
11241,Andries Noppert,Netherlands,NED,GK,23,true,12.96,10.37,false,5,54,10.8,444.0,88.8,1.7,149.9,45.0,19.43
5097,Ibrahima Konaté,France,FRA,RCB,24,true,20.78,16.62,false,5,54,10.8,620.3,124.1,2.02,105.6,45.0,21.94
8627,Atiba Hutchinson,Canada,CAN,CM,13,true,21.43,17.14,false,3,32,10.67,337.5,112.5,1.77,106.7,43.63,22.86
9820,Achraf Dari,Morocco,MAR,RCB,20,false,20.22,16.18,false,3,32,10.67,278.9,93.0,1.53,110.7,34.86,22.4
1225,Richie Laryea,Canada,CAN,RWB,22,true,22.34,17.87,false,3,32,10.67,392.8,130.9,2.0,105.1,45.0,23.48
12653,Vanja Milinković-Savić,Serbia,SRB,GK,23,true,14.67,11.74,false,3,32,10.67,286.5,95.5,1.78,144.6,45.0,21.22
12235,Ali Karimi,Iran,IRN,CM,18,true,20.74,16.6,false,3,32,10.67,327.7,109.2,1.94,95.4,24.2,19.8
457,Alireza Jahanbakhsh,Iran,IRN,RW,7,true,20.93,16.75,false,2,21,10.5,240.6,120.3,2.15,96.5,26.63,20.21
8397,Fabian Rieder,Switzerland,SUI,CM,25,false,19.84,15.87,false,2,21,10.5,213.8,106.9,2.01,95.7,26.57,18.98
2111,Hirving Lozano,Mexico,MEX,RW,22,true,22.59,18.07,false,3,31,10.33,415.5,138.5,2.17,106.6,35.64,24.08
1785,Bono,Morocco,MAR,GK,1,true,12.09,9.67,false,6,62,10.33,501.3,83.5,1.61,166.2,45.0,20.09
3841,Keylor Navas,Costa Rica,CRC,GK,1,true,10.59,8.47,false,3,31,10.33,244.7,81.6,1.83,166.8,45.0,17.66
7441,Sardar Azmoun,Iran,IRN,CF,20,false,21.91,17.53,false,3,31,10.33,346.6,115.5,1.96,98.5,26.69,21.57
11488,Ricardo Horta,Portugal,POR,LW,21,false,20.63,16.5,false,3,31,10.33,379.9,126.6,2.25,102.3,44.02,21.09
8042,Wojciech Szczesny,Poland,POL,GK,1,true,12.72,10.18,false,4,41,10.25,325.2,81.3,1.63,154.3,45.0,19.63
13907,Seun-gyu Kim,South Korea,KOR,GK,1,true,12.16,9.73,false,4,41,10.25,365.1,91.3,1.74,165.4,45.0,20.13
6020,Cristiano Ronaldo,Portugal,POR,CF,7,true,20.85,16.68,false,5,51,10.2,553.3,110.7,1.95,102.7,29.34,21.4
12777,Abdelhamid Sabiri,Morocco,MAR,CAM,11,false,19.14,15.31,false,5,51,10.2,481.7,96.3,1.9,98.6,32.79,18.87
61,Hugo Lloris,France,FRA,GK,1,true,13.45,10.76,false,6,61,10.17,545.3,90.9,1.66,170.2,45.0,22.9
42,Trent Alexander-Arnold,England,ENG,RB,18,false,22.53,18.02,false,1,10,10.0,109.7,109.7,1.84,100.1,31.39,22.55
13941,Saad Al-Sheeb,Qatar,QAT,GK,1,true,12.57,10.05,false,1,10,10.0,83.2,83.2,1.86,132.7,45.0,16.68
8008,Goncalo Ramos,Portugal,POR,CF,26,false,20.27,16.22,false,3,30,10.0,345.7,115.2,2.16,99.0,31.24,20.07
13151,Srdjan Babic,Serbia,SRB,LCB,15,false,17.43,13.94,false,1,10,10.0,78.1,78.1,1.8,91.2,18.28,15.89
12183,Haji Wright,United States,USA,CF,19,false,19.0,15.2,false,4,40,10.0,358.4,89.6,1.82,95.5,24.91,18.15
1228,Jonathan Osorio,Canada,CAN,CM,21,false,20.76,16.61,false,3,30,10.0,337.4,112.5,2.05,101.4,38.65,21.05
13910,Kyung-won Kwon,South Korea,KOR,LCB,20,false,22.24,17.8,false,1,10,10.0,129.3,129.3,1.76,134.7,44.23,29.95
8420,Papu Gómez,Argentina,ARG,LM,17,true,19.67,15.73,false,2,20,10.0,180.9,90.5,1.73,101.9,27.93,20.04
5178,Osman Bukari,Ghana,GHA,RW,11,false,21.38,17.11,false,1,10,10.0,164.6,164.6,2.95,100.2,25.64,21.44
14008,Riad Sharahili,Saudi Arabia,KSA,CDM,26,false,21.78,17.42,false,1,10,10.0,129.5,129.5,2.28,96.1,29.46,20.94
9837,Jackson Porozo,Ecuador,ECU,RCB,25,false,19.57,15.65,false,2,20,10.0,195.6,97.8,1.89,103.4,27.41,20.23
8326,Teun Koopmeiners,Netherlands,NED,CDM,20,false,19.45,15.56,false,5,50,10.0,452.7,90.5,1.76,101.2,34.98,19.68
3519,Michael Estrada,Ecuador,ECU,CF,11,true,19.82,15.85,false,3,30,10.0,364.2,121.4,2.14,114.1,37.48,22.61
13862,Munir,Morocco,MAR,GK,12,false,12.06,9.65,false,1,10,10.0,77.0,77.0,1.65,166.9,45.0,20.13
7757,Thiago Almada,Argentina,ARG,CAM,16,false,16.35,13.08,false,1,10,10.0,63.7,63.7,1.58,92.8,18.43,15.17
11994,Dries Mertens,Belgium,BEL,CF,14,false,20.7,16.56,false,2,20,10.0,240.7,120.4,2.23,96.8,23.85,20.05
14013,Aymen Dahmen,Tunisia,TUN,GK,16,true,11.53,9.22,false,3,30,10.0,199.4,66.5,1.6,149.0,45.0,17.18
13917,Chang-hoon Kwon,South Korea,KOR,RW,22,false,20.96,16.77,false,1,10,10.0,114.7,114.7,2.06,101.0,32.46,21.17
13783,Bryan Ruiz,Costa Rica,CRC,CAM,10,false,17.22,13.78,false,1,10,10.0,97.0,97.0,2.15,98.0,19.89,16.88
12779,Mikkel Damsgaard,Denmark,DEN,LW,14,false,21.78,17.42,false,3,30,10.0,351.8,117.3,1.94,108.8,39.17,23.69
13904,Filip Mladenovic,Serbia,SRB,LWB,25,true,23.25,18.6,false,1,10,10.0,117.3,117.3,1.83,106.7,38.65,24.8
10704,Kaoru Mitoma,Japan,JPN,LW,9,false,20.05,16.04,false,4,40,10.0,441.9,110.5,2.08,99.6,35.5,19.96
5968,Lovro Majer,Croatia,CRO,CAM,7,false,20.04,16.03,false,5,49,9.8,461.9,92.4,1.88,93.9,24.35,18.8
3414,Alexis Vega,Mexico,MEX,LW,10,true,19.9,15.92,false,3,29,9.67,284.1,94.7,1.81,105.5,31.06,20.99
4602,Manuel Neuer,Germany,GER,GK,1,true,14.49,11.59,false,3,29,9.67,271.6,90.5,1.73,154.3,45.0,22.36
1672,Thibaut Courtois,Belgium,BEL,GK,1,true,12.44,9.95,false,3,29,9.67,229.7,76.6,1.66,167.7,45.0,20.86
144,Emiliano Martínez,Argentina,ARG,GK,23,true,13.08,10.47,false,7,67,9.57,584.5,83.5,1.63,176.7,45.0,23.12
4703,Denis Zakaria,Switzerland,SUI,CDM,6,false,19.25,15.4,false,2,19,9.5,171.4,85.7,1.77,97.7,25.82,18.8
3309,Carlos Rodríguez,Mexico,MEX,CM,8,false,19.16,15.33,false,2,19,9.5,147.7,73.9,1.63,92.7,24.42,17.76
13799,Shuichi Gonda,Japan,JPN,GK,12,true,12.9,10.32,false,4,38,9.5,342.2,85.5,1.68,167.0,45.0,21.55
4231,Alexander Djiku,Ghana,GHA,UNK,23,true,17.86,14.29,false,2,19,9.5,185.4,92.7,2.08,101.1,33.95,18.06
1830,Kang-in Lee,South Korea,KOR,CAM,18,false,18.79,15.03,false,4,38,9.5,352.0,88.0,1.9,98.7,27.53,18.55
3878,Axel Disasi,France,FRA,RCB,3,false,20.18,16.14,false,2,19,9.5,211.6,105.8,1.99,106.1,40.96,21.41
8138,Lautaro Martinez,Argentina,ARG,CF,22,true,20.62,16.5,false,5,47,9.4,522.2,104.4,2.04,102.7,36.43,21.17
2144,Iliman Ndiaye,Senegal,SEN,CAM,13,false,20.23,16.18,false,3,28,9.33,343.3,114.4,2.31,99.4,30.43,20.1
308,Harry Wilson,Wales,WAL,CM,8,true,21.52,17.21,false,3,28,9.33,327.2,109.1,2.02,104.6,34.11,22.52
30,Gabriel Jesus,Brazil,BRA,CF,18,false,19.5,15.6,false,3,28,9.33,258.5,86.2,1.81,97.6,27.83,19.02
13987,Mohammed Al-Owais,Saudi Arabia,KSA,GK,21,true,14.74,11.79,false,3,28,9.33,266.0,88.7,1.77,149.6,45.0,22.05
3996,Bamba Dieng,Senegal,SEN,CF,20,false,18.39,14.71,false,4,36,9.0,334.9,83.7,2.0,95.8,22.85,17.61
483,Jordan Ayew,Ghana,GHA,CF,9,false,19.99,15.99,false,3,27,9.0,309.4,103.1,2.17,101.9,41.31,20.37
2090,Hiroki Sakai,Japan,JPN,RB,19,true,22.58,18.06,false,2,18,9.0,242.6,121.3,2.19,106.5,38.54,24.05
4925,Hiroki Ito,Japan,JPN,LCB,26,false,19.31,15.45,false,1,9,9.0,98.2,98.2,2.14,99.3,23.64,19.18
13955,Ali Asad,Qatar,QAT,CAM,8,false,19.18,15.34,false,1,9,9.0,79.5,79.5,1.73,101.1,22.72,19.38
8344,Alex Balde,Spain,ESP,LB,14,false,20.58,16.47,false,4,36,9.0,358.4,89.6,1.87,98.3,25.46,20.24
13942,Meshaal Barsham,Qatar,QAT,GK,22,false,15.15,12.12,false,2,18,9.0,180.6,90.3,1.71,154.0,45.0,23.33
13822,Jason Cummings,Australia,AUS,CF,25,false,19.97,15.98,false,1,9,9.0,114.9,114.9,2.47,97.9,22.84,19.56
7535,Karol Swiderski,Poland,POL,CF,16,false,20.98,16.79,false,1,9,9.0,100.9,100.9,2.04,99.2,25.42,20.82
13970,Roozbeh Cheshmi,Iran,IRN,UNK,15,true,18.03,14.43,false,2,18,9.0,161.2,80.6,1.91,98.6,24.4,17.77
3934,Karl Toko Ekambi,Cameroon,CMR,LW,12,true,22.16,17.73,false,3,27,9.0,336.5,112.2,2.05,103.9,36.47,23.02
13919,Seung-ho Paik,South Korea,KOR,CM,8,false,18.46,14.76,false,1,9,9.0,90.8,90.8,2.1,99.2,22.03,18.31
6925,Ilias Chair,Morocco,MAR,CAM,13,false,21.66,17.33,false,1,9,9.0,131.8,131.8,2.54,102.6,32.49,22.22
2059,Edouard Mendy,Senegal,SEN,GK,16,true,14.31,11.45,false,4,35,8.75,375.4,93.8,2.01,148.1,45.0,21.19
12022,Andreas Cornelius,Denmark,DEN,CF,21,false,19.43,15.54,false,3,26,8.67,253.2,84.4,1.93,98.4,25.95,19.13
4712,Marcus Thuram,France,FRA,LW,26,false,21.37,17.1,false,3,26,8.67,381.5,127.2,2.54,102.6,38.38,21.93
3994,Arkadiusz Milik,Poland,POL,CF,7,false,20.12,16.09,false,3,26,8.67,274.4,91.5,2.02,100.2,28.57,20.15
13044,Jawad El Yamiq,Morocco,MAR,RCB,18,false,23.74,18.99,false,5,43,8.6,601.9,120.4,2.15,105.3,39.07,24.97
10039,Joe Morrell,Wales,WAL,CM,16,false,16.37,13.09,false,2,17,8.5,134.6,67.3,1.89,95.1,17.08,15.56
4020,Kamaldeen Sulemana,Ghana,GHA,LW,22,false,19.31,15.45,false,2,17,8.5,175.7,87.9,2.02,99.3,31.55,19.17
26,Leroy Sané,Germany,GER,LW,19,false,23.61,18.88,false,2,17,8.5,230.3,115.1,2.15,100.6,29.18,23.74
444,Tariq Lamptey,Ghana,GHA,RB,2,false,23.07,18.46,false,2,17,8.5,226.1,113.1,2.09,109.4,42.54,25.24
435,Mathew Ryan,Australia,AUS,GK,1,true,15.11,12.09,false,4,34,8.5,367.7,91.9,2.01,147.9,45.0,22.35
8538,Diogo Costa,Portugal,POR,GK,22,true,13.1,10.48,false,5,42,8.4,356.2,71.2,1.72,153.7,45.0,20.13
9094,Cyle Larin,Canada,CAN,LW,17,false,21.26,17.01,false,3,25,8.33,329.3,109.8,2.39,98.6,25.13,20.96
14034,Lawrence Ati Zigi,Ghana,GHA,GK,1,true,13.97,11.17,false,3,25,8.33,226.1,75.4,1.74,159.3,45.0,22.26
13821,Keanu Baccus,Australia,AUS,CDM,26,false,20.14,16.11,false,4,33,8.25,364.3,91.1,2.11,98.4,23.85,19.82
2110,Roberto Alvarado,Mexico,MEX,RW,25,false,17.37,13.9,false,1,8,8.0,73.0,73.0,2.05,95.8,17.88,16.63
13929,Nicolas De La Cruz,Uruguay,URU,CM,7,false,20.21,16.17,false,2,16,8.0,159.1,79.5,1.91,95.2,24.45,19.24
12862,Wajdi Kechrida,Tunisia,TUN,RM,21,false,23.56,18.85,false,3,24,8.0,321.5,107.2,2.14,102.2,34.03,24.07
13782,Anthony Contreras,Costa Rica,CRC,CF,7,true,20.75,16.6,false,3,24,8.0,278.7,92.9,2.04,103.5,29.82,21.48
162,Gabriel Martinelli,Brazil,BRA,LW,26,false,20.09,16.07,false,3,24,8.0,228.1,76.0,1.75,102.8,26.71,20.66
16,Kyle Walker,England,ENG,RB,2,false,21.76,17.41,false,3,24,8.0,309.0,103.0,2.0,117.9,38.64,25.67
13973,Hossein Kanaani,Iran,IRN,RCB,13,false,19.56,15.65,false,1,8,8.0,94.0,94.0,2.28,102.3,22.89,20.0
4560,Carlos Gruezo,Ecuador,ECU,CDM,8,false,19.92,15.94,false,1,8,8.0,76.8,76.8,1.84,98.3,24.59,19.59
1829,Carlos Soler,Spain,ESP,CM,19,false,19.57,15.66,false,2,16,8.0,157.5,78.8,1.86,104.0,26.68,20.36
4021,Jérémy Doku,Belgium,BEL,RW,25,false,17.09,13.67,false,1,8,8.0,71.4,71.4,2.1,96.6,18.85,16.5
3343,Guillermo Ochoa,Mexico,MEX,GK,13,true,14.39,11.51,false,3,24,8.0,288.8,96.3,1.91,179.6,45.0,25.84
2075,Facundo Pellistri,Uruguay,URU,RW,8,true,24.19,19.35,false,3,24,8.0,336.1,112.0,2.1,106.9,32.24,25.86
6,Ederson,Brazil,BRA,GK,23,false,15.41,12.33,false,1,8,8.0,92.8,92.8,1.92,155.9,45.0,24.03
13795,Alvaro Zamora,Costa Rica,CRC,LM,26,false,22.5,18.0,false,1,8,8.0,107.8,107.8,2.31,100.0,25.92,22.51
4779,Nico Schlotterbeck,Germany,GER,LCB,23,true,20.35,16.28,false,2,16,8.0,165.5,82.8,1.82,109.8,29.9,22.34
13928,Agustin Canobbio,Uruguay,URU,RW,24,false,24.04,19.23,false,1,8,8.0,77.8,77.8,1.61,92.8,24.77,22.32
4851,Krzysztof Piatek,Poland,POL,CF,23,false,18.56,14.84,false,1,8,8.0,68.9,68.9,1.77,99.7,21.12,18.5
4265,Gideon Mensah,Ghana,GHA,LB,14,false,21.29,17.03,false,1,8,8.0,115.1,115.1,2.24,120.1,45.0,25.56
13560,Anass Zaroury,Morocco,MAR,LW,10,false,18.0,14.4,false,1,8,8.0,73.2,73.2,1.98,96.1,19.89,17.3
13958,Mohammed Waad,Qatar,QAT,CDM,4,false,17.2,13.76,false,2,16,8.0,124.5,62.3,1.78,96.5,22.13,16.59
1287,José Cifuentes,Ecuador,ECU,CM,5,false,19.42,15.54,false,2,16,8.0,183.6,91.8,2.31,95.5,22.53,18.55
215,Youri Tielemans,Belgium,BEL,CM,8,true,18.99,15.19,false,3,24,8.0,213.5,71.2,1.81,95.4,23.91,18.12
6019,Nikola Vlasic,Croatia,CRO,RW,13,true,20.36,16.29,false,5,39,7.8,392.5,78.5,1.88,98.7,34.03,20.1
2099,Takuma Asano,Japan,JPN,RW,18,false,21.78,17.43,false,4,31,7.75,403.7,100.9,2.24,100.1,29.36,21.8
8419,Gonzalo Montiel,Argentina,ARG,RB,4,false,19.81,15.85,false,3,23,7.67,237.3,79.1,1.99,98.1,26.09,19.44
3890,Youssouf Fofana,France,FRA,CM,13,false,19.45,15.56,false,5,38,7.6,419.5,83.9,2.12,101.2,43.53,19.69
13865,Badr Benoun,Morocco,MAR,RCB,24,false,17.48,13.99,false,2,15,7.5,120.8,60.4,1.77,97.0,20.58,16.95
1394,Alvaro Morata,Spain,ESP,CF,7,false,21.32,17.06,false,4,30,7.5,361.2,90.3,2.09,103.9,41.24,22.15
9330,Dani Alves,Brazil,BRA,RB,13,false,20.71,16.57,false,2,15,7.5,165.7,82.8,1.93,106.2,28.86,21.99
13926,Diego Godin,Uruguay,URU,RCB,3,true,19.1,15.28,false,2,15,7.5,221.4,110.7,2.55,117.8,42.64,22.5
9918,Mario Götze,Germany,GER,CAM,11,false,19.06,15.25,false,2,15,7.5,143.2,71.6,1.94,96.0,21.16,18.3
32,Alisson,Brazil,BRA,GK,1,true,14.92,11.93,false,4,30,7.5,329.6,82.4,1.81,176.6,45.0,26.34
11854,Alexander Bah,Denmark,DEN,RB,26,false,22.15,17.72,false,2,15,7.5,183.4,91.7,2.11,102.2,29.66,22.63
13930,Giorgian De Arrascaeta,Uruguay,URU,CAM,10,false,21.06,16.84,false,2,15,7.5,180.6,90.3,2.04,109.1,34.49,22.97
13021,Abde Ezzalzouli,Morocco,MAR,LW,16,false,19.85,15.88,false,3,22,7.33,241.4,80.5,2.05,103.3,40.12,20.5
455,Leandro Trossard,Belgium,BEL,LW,17,false,23.31,18.65,false,3,22,7.33,272.9,91.0,2.04,99.1,30.25,23.1
13963,Mohammed Muntari,Qatar,QAT,CF,9,false,17.36,13.89,false,3,22,7.33,159.7,53.2,1.63,94.7,20.32,16.43
4194,Randal Kolo Muani,France,FRA,CF,12,false,22.49,17.99,false,3,22,7.33,307.2,102.4,2.26,104.2,31.7,23.44
4622,Kingsley Coman,France,FRA,RW,20,false,21.0,16.8,false,5,36,7.2,395.8,79.2,1.96,100.4,38.52,21.07
1957,Marko Grujic,Serbia,SRB,CM,26,false,17.51,14.01,false,1,7,7.0,54.7,54.7,1.77,94.6,18.53,16.57
12315,Sam Adekugbe,Canada,CAN,LB,3,false,21.51,17.21,false,3,21,7.0,227.5,75.8,1.88,103.4,33.31,22.2
13873,Pierre Kunde,Cameroon,CMR,CM,15,false,23.36,18.68,false,2,14,7.0,224.1,112.1,2.42,113.7,34.96,26.56
9290,Bailey Wright,Australia,AUS,RCB,8,false,19.11,15.29,false,1,7,7.0,62.8,62.8,1.82,97.9,21.25,18.71
13968,Alireza Beiranvand,Iran,IRN,GK,1,true,11.07,8.85,false,2,14,7.0,106.8,53.4,1.68,163.7,45.0,18.12
8059,Dušan Vlahović,Serbia,SRB,CF,18,false,20.14,16.11,false,2,14,7.0,172.1,86.1,2.35,99.2,22.73,19.98
14033,Liam Millar,Canada,CAN,LW,23,false,16.51,13.21,false,1,7,7.0,50.5,50.5,1.71,95.3,20.68,15.74
13984,Karim Ansarifard,Iran,IRN,CF,10,false,18.05,14.44,false,2,14,7.0,131.0,65.5,1.91,99.4,34.27,17.95
8058,Paulo Dybala,Argentina,ARG,CF,21,false,17.4,13.92,false,2,14,7.0,126.3,63.2,2.1,92.7,17.64,16.12
4897,Lukas Klostermann,Germany,GER,RCB,16,false,20.35,16.28,false,2,14,7.0,173.4,86.7,2.34,95.1,24.27,19.34
13825,Garang Kuol,Australia,AUS,CF,21,false,20.42,16.34,false,2,14,7.0,149.5,74.8,2.05,95.0,23.58,19.39
14032,David Wotherspoon,Canada,CAN,CAM,24,false,14.41,11.53,false,1,7,7.0,49.0,49.0,1.93,91.1,14.67,13.13
3989,Nemanja Radonjic,Serbia,SRB,LW,7,false,21.75,17.4,false,3,21,7.0,225.9,75.3,1.9,97.6,27.69,21.22
1697,Rodrygo,Brazil,BRA,RW,21,false,21.24,16.99,false,5,34,6.8,362.8,72.6,1.89,100.7,37.48,21.39
13178,Nico Williams,Spain,ESP,RW,12,false,22.5,18.0,false,4,27,6.75,324.1,81.0,1.98,103.0,38.17,23.18
136,Marcus Rashford,England,ENG,LW,11,false,21.69,17.36,false,4,27,6.75,299.0,74.8,1.93,101.0,30.53,21.92
8039,Antony,Brazil,BRA,RW,19,false,21.55,17.24,false,4,27,6.75,311.2,77.8,1.99,103.8,31.24,22.37
8113,Noah Okafor,Switzerland,SUI,CF,19,false,14.34,11.47,false,3,20,6.67,159.7,53.2,2.14,99.0,20.89,14.2
13860,Marko Livaja,Croatia,CRO,CF,14,false,23.0,18.4,false,6,39,6.5,495.5,82.6,2.02,105.5,38.57,24.26
7192,Antoine Semenyo,Ghana,GHA,CF,25,false,24.07,19.25,false,2,13,6.5,129.0,64.5,1.64,94.3,27.55,22.69
12640,Martin Hongla,Cameroon,CMR,CM,18,true,25.09,20.07,false,2,13,6.5,215.7,107.8,2.28,105.7,43.57,26.51
14024,Ferjani Sassi,Tunisia,TUN,CM,13,false,19.9,15.92,false,2,13,6.5,132.7,66.4,1.96,98.9,26.96,19.68
8631,Georges-Kevin N'Koudou,Cameroon,CMR,LW,7,false,18.67,14.94,false,2,13,6.5,124.2,62.1,1.98,96.8,20.39,18.08
13875,Vincent Aboubakar,Cameroon,CMR,CF,10,false,23.69,18.95,false,2,13,6.5,209.0,104.5,2.37,113.6,36.77,26.91
7571,Alan Franco,Ecuador,ECU,CM,21,false,19.89,15.91,false,2,13,6.5,109.1,54.5,1.64,97.3,24.81,19.35
13869,Walid Cheddira,Morocco,MAR,CF,21,false,20.67,16.54,false,2,13,6.5,149.1,74.5,2.14,99.5,28.9,20.56
13817,Jamie Maclaren,Australia,AUS,CF,9,false,19.15,15.32,false,3,19,6.33,210.7,70.2,2.26,96.0,23.64,18.4
13859,Mislav Orsic,Croatia,CRO,LW,18,false,20.86,16.69,false,4,25,6.25,336.0,84.0,2.38,98.7,31.42,20.61
14000,Nawaf Al-Abed,Saudi Arabia,KSA,CAM,18,false,20.49,16.4,false,2,12,6.0,129.9,65.0,1.98,101.4,26.29,20.79
975,Ronald Matarrita,Costa Rica,CRC,LB,22,false,18.17,14.54,false,2,12,6.0,99.1,49.5,1.77,97.5,23.33,17.71
12643,Darko Lazović,Serbia,SRB,LM,22,false,23.72,18.97,false,1,6,6.0,67.3,67.3,1.81,100.3,24.85,23.78
132,Fred,Brazil,BRA,CM,8,false,22.15,17.72,false,3,18,6.0,227.0,75.7,2.09,106.7,34.2,23.62
4912,André Silva,Portugal,POR,CF,9,false,22.7,18.16,false,1,6,6.0,71.5,71.5,2.02,97.4,26.22,22.09
1877,Guido Rodríguez,Argentina,ARG,CDM,18,false,21.32,17.06,false,1,6,6.0,62.8,62.8,1.75,109.0,24.51,23.24
3867,Pablo Sarabia,Spain,ESP,RW,22,false,12.36,9.89,false,1,6,6.0,35.9,35.9,1.96,92.1,12.47,11.39
7955,Rubin Colwill,Wales,WAL,CAM,25,false,16.62,13.3,false,1,6,6.0,38.3,38.3,1.49,98.9,19.2,16.43
1812,Luuk de Jong,Netherlands,NED,CF,9,false,20.09,16.07,false,1,6,6.0,79.4,79.4,2.57,97.1,21.58,19.5
13991,Mohammed Al-Burayk,Saudi Arabia,KSA,RB,6,false,26.46,21.17,false,1,6,6.0,108.4,108.4,2.29,116.0,40.08,30.7
4713,Jonas Hofmann,Germany,GER,CAM,18,false,19.67,15.74,false,2,12,6.0,122.0,61.0,2.04,92.9,21.8,18.27
8011,Haris Seferovic,Switzerland,SUI,CF,9,false,20.79,16.63,false,3,18,6.0,256.6,85.5,2.65,100.3,25.08,20.85
201,Danny Ward,Wales,WAL,GK,12,false,10.86,8.69,false,2,12,6.0,79.7,39.9,1.7,143.7,45.0,15.61
9865,Zakaria Aboukhlal,Morocco,MAR,RW,14,false,20.54,16.43,false,3,18,6.0,186.5,62.2,1.86,102.4,29.61,21.04
5065,Christian Nörgaard,Denmark,DEN,CDM,15,false,19.64,15.71,false,1,6,6.0,92.9,92.9,3.1,96.3,20.26,18.91
4739,Ajdin Hrustic,Australia,AUS,CM,10,false,20.77,16.62,false,3,18,6.0,197.1,65.7,2.04,95.9,28.71,19.91
6596,Jeremy Sarmiento,Ecuador,ECU,CAM,16,false,20.37,16.29,false,3,18,6.0,221.9,74.0,2.24,101.8,27.47,20.74
13949,Tarek Salman,Qatar,QAT,RCB,5,false,16.1,12.88,false,1,6,6.0,52.1,52.1,2.11,95.2,16.28,15.34
7008,Brennan Johnson,Wales,WAL,CF,9,false,19.95,15.96,false,3,18,6.0,210.3,70.1,2.19,100.1,28.45,19.97
13868,Yahya Jabrane,Morocco,MAR,CDM,26,false,16.15,12.92,false,1,6,6.0,53.5,53.5,2.1,99.4,18.74,16.05
13791,Roan Wilson,Costa Rica,CRC,CM,24,false,18.13,14.51,false,1,6,6.0,41.9,41.9,1.55,94.2,18.79,17.09
13876,Christian Bassogog,Cameroon,CMR,RW,11,false,20.29,16.24,false,1,6,6.0,76.6,76.6,2.42,97.9,21.71,19.88
74,Eric Dier,England,ENG,RCB,15,false,18.38,14.7,false,2,12,6.0,160.7,80.4,2.8,100.0,22.95,18.38
13785,Gerson Torres,Costa Rica,CRC,RM,13,false,21.32,17.06,false,1,6,6.0,70.2,70.2,1.83,117.0,31.26,24.94
13880,Fabian Frei,Switzerland,SUI,CDM,20,false,19.8,15.84,false,2,12,6.0,107.7,53.8,1.79,92.3,21.86,18.28
14012,Haitham Asiri,Saudi Arabia,KSA,CF,25,false,17.93,14.34,false,1,6,6.0,39.6,39.6,1.47,93.9,18.53,16.84
8593,Rafael Leao,Portugal,POR,LW,15,false,19.85,15.88,false,4,23,5.75,231.9,58.0,1.93,98.4,25.02,19.52
13935,Hernan Galindez,Ecuador,ECU,GK,1,true,14.76,11.8,false,3,17,5.67,238.6,79.5,1.93,195.2,45.0,28.81
13920,Jun-ho Son,South Korea,KOR,CDM,13,false,18.3,14.64,false,3,17,5.67,164.5,54.8,1.93,104.4,26.44,19.11
13790,Brandon Aguilera,Costa Rica,CRC,CAM,20,false,20.32,16.26,false,3,17,5.67,171.3,57.1,1.82,103.7,31.28,21.07
1383,Koke,Spain,ESP,CM,8,false,19.78,15.83,false,2,11,5.5,120.6,60.3,2.14,95.4,21.15,18.87
12537,Nicola Zalewski,Poland,POL,LM,21,true,19.3,15.44,false,2,11,5.5,107.3,53.7,1.86,99.8,24.23,19.27
14009,Abdulrahman Al-Oboud,Saudi Arabia,KSA,RW,20,false,21.75,17.4,false,2,11,5.5,130.9,65.4,2.15,96.5,24.79,21.0
4105,Wahbi Khazri,Tunisia,TUN,CF,10,false,22.15,17.72,false,2,11,5.5,142.8,71.4,2.1,104.8,29.38,23.2
14029,Taha Yassine Khenissi,Tunisia,TUN,CF,11,false,19.28,15.42,false,2,11,5.5,109.1,54.6,2.01,93.5,20.4,18.02
311,Callum Wilson,England,ENG,CF,24,false,23.21,18.57,false,2,11,5.5,114.1,57.1,1.65,102.4,27.39,23.78
2108,Uriel Antuna,Mexico,MEX,RW,21,false,21.77,17.42,false,3,16,5.33,203.0,67.7,2.19,99.0,30.07,21.55
371,Jack Grealish,England,ENG,LW,7,false,20.0,16.0,false,4,21,5.25,219.9,55.0,1.97,102.0,30.46,20.4
2005,Kalvin Phillips,England,ENG,CDM,14,false,20.51,16.41,false,1,5,5.0,62.8,62.8,2.14,109.1,26.47,22.37
13870,Abderrazak Hamdallah,Morocco,MAR,CF,9,false,20.04,16.03,false,4,20,5.0,206.0,51.5,1.98,100.4,27.02,20.13
11090,Erick Gutierrez,Mexico,MEX,CM,14,false,25.84,20.67,false,1,5,5.0,68.0,68.0,1.64,132.8,39.58,34.32
328,DeAndre Yedlin,United States,USA,RB,22,false,22.1,17.68,false,2,10,5.0,130.9,65.5,2.28,98.7,24.69,21.8
55,Takumi Minamino,Japan,JPN,LW,10,false,21.33,17.06,false,3,15,5.0,146.6,48.9,1.78,97.2,23.69,20.74
14007,Nasser Al-Dawsari,Saudi Arabia,KSA,LB,24,false,17.42,13.93,false,1,5,5.0,40.2,40.2,1.78,96.4,18.11,16.79
13830,Pedro,Brazil,BRA,CF,25,false,21.9,17.52,false,2,10,5.0,104.7,52.3,1.84,95.1,23.6,20.84
5139,Romelu Lukaku,Belgium,BEL,CF,9,false,18.34,14.68,false,2,10,5.0,108.3,54.1,2.18,98.0,23.37,17.98
3263,Hannibal Mejbri,Tunisia,TUN,CAM,8,false,23.56,18.85,false,1,5,5.0,73.1,73.1,2.47,93.8,23.96,22.1
14021,Ghaylen Chaaleli,Tunisia,TUN,CM,18,false,17.44,13.96,false,1,5,5.0,55.7,55.7,2.41,98.4,18.96,17.17
13786,Carlos Martinez,Costa Rica,CRC,RB,16,true,20.87,16.7,false,1,5,5.0,75.2,75.2,2.63,104.4,23.64,21.8
8400,Christian Fassnacht,Switzerland,SUI,RM,16,false,18.18,14.55,false,1,5,5.0,53.3,53.3,2.34,92.0,18.46,16.72
13878,Jerome Mbekeli,Cameroon,CMR,LW,2,false,18.5,14.8,false,1,5,5.0,35.3,35.3,1.44,99.4,22.06,18.38
13861,Bruno Petkovic,Croatia,CRO,CF,16,false,19.37,15.49,false,6,29,4.83,317.1,52.8,2.0,108.6,39.07,21.02
9980,Daniel-Kofi Kyereh,Ghana,GHA,CAM,8,false,19.92,15.94,false,3,14,4.67,158.8,52.9,2.23,94.4,21.83,18.81
13118,Eray Comert,Switzerland,SUI,RCB,18,false,19.2,15.36,false,2,9,4.5,95.8,47.9,2.06,100.6,27.1,19.32
8077,Joao Palhinha,Portugal,POR,CDM,6,false,18.59,14.87,false,2,9,4.5,103.1,51.5,2.33,102.2,25.3,19.01
2071,Alex Telles,Brazil,BRA,LB,16,false,21.26,17.0,false,2,9,4.5,114.1,57.0,2.21,106.7,28.72,22.68
9963,Niclas Fullkrug,Germany,GER,CF,9,false,19.08,15.27,false,3,13,4.33,136.9,45.6,2.02,102.2,27.2,19.51
252,Raúl Jiménez,Mexico,MEX,CF,9,false,20.38,16.3,false,3,13,4.33,139.4,46.5,2.01,97.1,25.76,19.79
12529,Matias Vina,Uruguay,URU,LB,17,false,20.02,16.01,false,2,8,4.0,66.8,33.4,1.59,96.4,25.63,19.29
8584,Fode Ballo-Toure,Senegal,SEN,LB,12,false,17.15,13.72,false,1,4,4.0,30.6,30.6,1.79,91.8,17.97,15.75
9090,Charles De Ketelaere,Belgium,BEL,CAM,22,false,23.9,19.12,false,1,4,4.0,44.6,44.6,1.76,100.8,25.85,24.08
8416,Michel Aebischer,Switzerland,SUI,CM,14,false,25.51,20.41,false,1,4,4.0,79.6,79.6,2.99,96.7,25.82,24.67
5009,Wout Weghorst,Netherlands,NED,CF,19,false,17.57,14.06,false,2,8,4.0,75.3,37.6,2.12,95.6,18.73,16.8
13226,German Pezzella,Argentina,ARG,RCB,6,false,17.59,14.08,false,3,12,4.0,126.7,42.2,2.32,97.6,20.61,17.17
13849,Artur Jedrzejczyk,Poland,POL,RCB,3,false,15.74,12.59,false,1,4,4.0,34.3,34.3,2.06,101.9,17.77,16.04
2042,Kamil Grosicki,Poland,POL,LW,11,false,16.73,13.39,false,1,4,4.0,36.7,36.7,2.11,95.3,16.87,15.94
13055,Nicolas Jackson,Senegal,SEN,RW,7,false,23.23,18.58,false,1,4,4.0,59.2,59.2,2.53,90.6,24.47,21.04
4280,Ui-jo Hwang,South Korea,KOR,CF,16,true,20.56,16.45,false,3,11,3.67,169.9,56.6,2.72,111.6,27.51,22.95
1340,Shaq Moore,United States,USA,RB,18,false,20.65,16.52,false,2,7,3.5,65.8,32.9,1.69,103.7,26.97,21.41
14002,Hattan Bahebri,Saudi Arabia,KSA,RW,19,false,20.1,16.08,false,2,7,3.5,64.2,32.1,1.83,92.3,20.37,18.56
1836,Maxi Gomez,Uruguay,URU,CF,18,false,22.53,18.03,false,2,6,3.0,129.7,64.8,3.37,104.2,39.11,23.49
11843,Issahaku Fatawu,Ghana,GHA,CAM,7,false,15.49,12.4,false,1,3,3.0,16.4,16.4,1.43,91.9,15.57,14.24
3314,Rogelio Funes Mori,Mexico,MEX,CF,11,false,20.02,16.02,false,1,3,3.0,38.7,38.7,2.51,98.6,20.2,19.74
13950,Musab Khoder,Qatar,QAT,RB,13,false,18.44,14.75,false,1,3,3.0,51.4,51.4,3.67,95.2,18.61,17.56
13964,Ahmed Alaaeldin,Qatar,QAT,CF,7,false,19.29,15.43,false,1,3,3.0,32.8,32.8,2.24,95.0,19.79,18.33
13109,Awer Mabil,Australia,AUS,LW,11,false,24.61,19.69,false,2,6,3.0,89.1,44.6,2.33,96.0,27.35,23.63
13881,Ardon Jashari,Switzerland,SUI,CDM,26,false,18.83,15.06,false,1,3,3.0,27.0,27.0,1.87,95.2,18.92,17.93
4689,Youssoufa Moukoko,Germany,GER,CF,26,false,18.01,14.41,false,1,3,3.0,32.2,32.2,2.33,94.0,18.84,16.93
3861,Xavi Simons,Netherlands,NED,CAM,25,false,18.35,14.68,false,1,3,3.0,28.0,28.0,1.96,97.8,22.55,17.94
8032,Kenneth Taylor,Netherlands,NED,CM,24,false,19.71,15.77,false,1,3,3.0,23.1,23.1,1.57,95.7,20.01,18.87
12776,Filip Djuricic,Serbia,SRB,CAM,21,false,22.6,18.08,false,2,6,3.0,71.9,36.0,2.05,96.2,23.02,21.75
13829,Weverton,Brazil,BRA,GK,12,false,11.78,9.43,false,1,3,3.0,16.2,16.2,1.67,104.9,14.51,12.36
1895,William Saliba,France,FRA,RCB,17,false,22.05,17.64,false,1,3,3.0,64.5,64.5,3.59,102.4,25.79,22.58
13983,Mehdi Torabi,Iran,IRN,LW,16,false,21.65,17.32,false,3,9,3.0,111.2,37.1,1.99,108.6,31.03,23.52
3452,Kevin Álvarez,Mexico,MEX,RB,26,false,23.24,18.6,false,2,5,2.5,78.3,39.2,2.05,134.3,44.31,31.21
4590,Exequiel Palacios,Argentina,ARG,CM,14,false,19.53,15.62,false,3,7,2.33,92.1,30.7,2.53,103.5,22.23,20.22
7175,Sorba Thomas,Wales,WAL,RW,22,false,17.4,13.92,false,1,2,2.0,28.8,28.8,3.24,100.0,18.33,17.4
6038,Nuno Mendes,Portugal,POR,LB,19,true,19.08,15.27,false,1,2,2.0,30.5,30.5,2.6,114.5,24.53,21.85
4607,Lucas Hernández,France,FRA,LB,21,true,20.77,16.62,false,1,2,2.0,24.2,24.2,2.08,118.7,28.53,24.65
4694,Matthias Ginter,Germany,GER,RCB,4,false,19.14,15.31,false,1,2,2.0,25.1,25.1,2.54,98.7,20.26,18.89
1184,Jordan Morris,United States,USA,LW,16,false,21.29,17.03,false,1,2,2.0,29.6,29.6,2.58,108.2,24.1,23.03
13915,Yu-min Cho,South Korea,KOR,RCB,24,false,13.69,10.95,false,1,2,2.0,17.3,17.3,2.52,92.4,13.76,12.64
1529,Ansu Fati,Spain,ESP,LW,25,false,22.24,17.79,false,2,4,2.0,59.5,29.8,2.32,115.5,30.84,25.69
13939,Djorkaeff Reasco,Ecuador,ECU,CF,24,false,20.82,16.66,false,1,2,2.0,37.3,37.3,3.36,96.0,22.63,19.98
5006,Renato Steffen,Switzerland,SUI,LW,11,false,25.22,20.18,false,1,2,2.0,34.7,34.7,2.28,114.8,30.28,28.95
13778,Daniel Chacon,Costa Rica,CRC,CDM,2,false,10.44,8.35,false,1,2,2.0,8.2,8.2,1.52,92.5,10.48,9.65
1389,Angel Correa,Argentina,ARG,CF,15,false,20.59,16.48,false,1,2,2.0,17.1,17.1,1.54,101.1,20.92,20.82
13940,Kevin Rodriguez,Ecuador,ECU,CF,26,false,17.71,14.17,false,2,3,1.5,19.6,9.8,1.39,104.3,19.17,18.48
385,Jan Bednarek,Poland,POL,RCB,5,false,12.86,10.29,false,1,1,1.0,5.0,5.0,1.4,101.1,13.01,13.01
68,Juan Foyth,Argentina,ARG,RB,2,false,18.45,14.76,false,1,1,1.0,7.5,7.5,1.4,114.6,21.15,21.15
6029,Kristijan Jakic,Croatia,CRO,CDM,26,false,8.99,7.19,false,1,1,1.0,3.3,3.3,1.6,84.7,7.61,7.61
9806,Lois Openda,Belgium,BEL,CF,24,false,21.55,17.24,false,1,1,1.0,15.7,15.7,2.6,109.7,23.64,23.64
